Trial,Spatial Frequency,Temporal Frequency,Direction,Time
blank,0.0212,0.031,270,0.1296491
stationary,0.0212,0.031,270,1.1286575
moving,0.0212,0.031,270,2.1311995
blank,0.0106,0.125,270,5.1394106
stationary,0.0106,0.125,270,6.1407482
moving,0.0106,0.125,270,7.141509
blank,0.001336,8,270,10.1506044
stationary,0.001336,8,270,11.1515477
moving,0.001336,8,270,12.1525012
blank,0.00267,2,45,15.1621315
stationary,0.00267,2,45,16.1630231
moving,0.00267,2,45,17.1640364
blank,0.000668,16,180,20.1735819
stationary,0.000668,16,180,21.1745833
moving,0.000668,16,180,22.1755025
blank,0.0053,0.5,90,25.1850351
stationary,0.0053,0.5,90,26.1859999
moving,0.0053,0.5,90,27.1870188
blank,0.0212,0.031,180,30.1966005
stationary,0.0212,0.031,180,31.1975177
moving,0.0212,0.031,180,32.1984023
blank,0.0053,0.5,90,35.2080556
stationary,0.0053,0.5,90,36.2090508
moving,0.0053,0.5,90,37.2099954
blank,0.0106,0.125,90,40.2195732
stationary,0.0106,0.125,90,41.220515
moving,0.0106,0.125,90,42.2214757
blank,0.000668,16,135,45.231125
stationary,0.000668,16,135,46.2319886
moving,0.000668,16,135,47.2329268
blank,0.001336,8,135,50.2425001
stationary,0.001336,8,135,51.2434457
moving,0.001336,8,135,52.2445525
blank,0.0106,0.125,270,55.2541081
stationary,0.0106,0.125,270,56.2550223
moving,0.0106,0.125,270,57.2559257
blank,0.0212,0.031,180,60.2655114
stationary,0.0212,0.031,180,61.2664503
moving,0.0212,0.031,180,62.267492
blank,0.001336,8,0,65.2770514
stationary,0.001336,8,0,66.2780133
moving,0.001336,8,0,67.2789668
blank,0.000668,16,135,70.2885388
stationary,0.000668,16,135,71.2894859
moving,0.000668,16,135,72.2904301
blank,0.0212,0.031,0,75.3000677
stationary,0.0212,0.031,0,76.3010067
moving,0.0212,0.031,0,77.3019688
blank,0.001336,8,0,80.3115443
stationary,0.001336,8,0,81.3125106
moving,0.001336,8,0,82.313416
blank,0.0053,0.5,315,85.3230009
stationary,0.0053,0.5,315,86.3239571
moving,0.0053,0.5,315,87.3248862
blank,0.0053,0.5,180,90.3345426
stationary,0.0053,0.5,180,91.335518
moving,0.0053,0.5,180,92.336412
blank,0.00267,2,0,95.3460281
stationary,0.00267,2,0,96.346961
moving,0.00267,2,0,97.3479741
blank,0.000668,16,90,100.3575334
stationary,0.000668,16,90,101.3584677
moving,0.000668,16,90,102.3594065
blank,0.00267,2,180,105.3691101
stationary,0.00267,2,180,106.3700171
moving,0.00267,2,180,107.3709529
blank,0.0212,0.031,225,110.380555
stationary,0.0212,0.031,225,111.3815147
moving,0.0212,0.031,225,112.3824435
blank,0.001336,8,135,115.3919775
stationary,0.001336,8,135,116.3929532
moving,0.001336,8,135,117.3939298
blank,0.000668,16,45,120.4034903
stationary,0.000668,16,45,121.4045395
moving,0.000668,16,45,122.4054441
blank,0.0106,0.125,270,125.4150469
stationary,0.0106,0.125,270,126.4160109
moving,0.0106,0.125,270,127.4169147
blank,0.0106,0.125,225,130.4264749
stationary,0.0106,0.125,225,131.4274442
moving,0.0106,0.125,225,132.4284061
blank,0.001336,8,225,135.4379762
stationary,0.001336,8,225,136.4389458
moving,0.001336,8,225,137.4398944
blank,0.0212,0.031,0,140.4494865
stationary,0.0212,0.031,0,141.4504328
moving,0.0212,0.031,0,142.4513767
blank,0.0106,0.125,315,145.4610113
stationary,0.0106,0.125,315,146.4619529
moving,0.0106,0.125,315,147.4628778
blank,0.001336,8,180,150.4725482
stationary,0.001336,8,180,151.4734861
moving,0.001336,8,180,152.4744615
blank,0.0212,0.031,315,155.4840159
stationary,0.0212,0.031,315,156.4849801
moving,0.0212,0.031,315,157.4858881
blank,0.0053,0.5,270,160.4955139
stationary,0.0053,0.5,270,161.4965135
moving,0.0053,0.5,270,162.4975208
blank,0.00267,2,90,165.5070176
stationary,0.00267,2,90,166.5079969
moving,0.00267,2,90,167.5090237
blank,0.001336,8,225,170.5184997
stationary,0.001336,8,225,171.519392
moving,0.001336,8,225,172.5204119
blank,0.0053,0.5,315,175.5299996
stationary,0.0053,0.5,315,176.5309595
moving,0.0053,0.5,315,177.5319144
blank,0.000668,16,45,180.5415278
stationary,0.000668,16,45,181.5424896
moving,0.000668,16,45,182.5433992
blank,0.0106,0.125,225,185.5529882
stationary,0.0106,0.125,225,186.5540327
moving,0.0106,0.125,225,187.5549478
blank,0.0053,0.5,225,190.5644817
stationary,0.0053,0.5,225,191.565442
moving,0.0053,0.5,225,192.566418
blank,0.0106,0.125,315,195.5780698
stationary,0.0106,0.125,315,196.5790564
moving,0.0106,0.125,315,197.5799851
blank,0.00267,2,90,200.5897674
stationary,0.00267,2,90,201.5907479
moving,0.00267,2,90,202.591697
blank,0.0212,0.031,180,205.6013417
stationary,0.0212,0.031,180,206.602307
moving,0.0212,0.031,180,207.6031811
blank,0.0106,0.125,0,210.612782
stationary,0.0106,0.125,0,211.6137365
moving,0.0106,0.125,0,212.6147813
blank,0.0106,0.125,45,215.6242955
stationary,0.0106,0.125,45,216.6252556
moving,0.0106,0.125,45,217.6262127
blank,0.0106,0.125,180,220.6358228
stationary,0.0106,0.125,180,221.6367551
moving,0.0106,0.125,180,222.6378428
blank,0.00267,2,135,225.647359
stationary,0.00267,2,135,226.6482899
moving,0.00267,2,135,227.6492373
blank,0.0053,0.5,90,230.6588357
stationary,0.0053,0.5,90,231.6598355
moving,0.0053,0.5,90,232.660846
blank,0.0106,0.125,45,235.6702823
stationary,0.0106,0.125,45,236.6712612
moving,0.0106,0.125,45,237.6722062
blank,0.001336,8,135,240.6818289
stationary,0.001336,8,135,241.6827728
moving,0.001336,8,135,242.6837432
blank,0.00267,2,90,245.693324
stationary,0.00267,2,90,246.6943042
moving,0.00267,2,90,247.6952397
blank,0.000668,16,270,250.7048423
stationary,0.000668,16,270,251.7057189
moving,0.000668,16,270,252.7067017
blank,0.00267,2,270,255.716291
stationary,0.00267,2,270,256.7172892
moving,0.00267,2,270,257.7182814
blank,0.00267,2,180,260.7278485
stationary,0.00267,2,180,261.7288112
moving,0.00267,2,180,262.7297546
blank,0.0053,0.5,315,265.7392832
stationary,0.0053,0.5,315,266.7402749
moving,0.0053,0.5,315,267.7412778
blank,0.00267,2,180,270.750792
stationary,0.00267,2,180,271.7517735
moving,0.00267,2,180,272.7527529
blank,0.00267,2,315,275.7623426
stationary,0.00267,2,315,276.763309
moving,0.00267,2,315,277.7642101
blank,0.0106,0.125,90,280.7738015
stationary,0.0106,0.125,90,281.7747743
moving,0.0106,0.125,90,282.775737
blank,0.000668,16,45,285.7853473
stationary,0.000668,16,45,286.7862991
moving,0.000668,16,45,287.7872615
blank,0.001336,8,180,290.796789
stationary,0.001336,8,180,291.7977697
moving,0.001336,8,180,292.7988368
blank,0.0106,0.125,135,295.8083601
stationary,0.0106,0.125,135,296.8093414
moving,0.0106,0.125,135,297.8102402
blank,0.0212,0.031,225,300.8197877
stationary,0.0212,0.031,225,301.8208053
moving,0.0212,0.031,225,302.8217633
blank,0.0106,0.125,180,305.8313743
stationary,0.0106,0.125,180,306.8323094
moving,0.0106,0.125,180,307.833312
blank,0.0053,0.5,270,310.8429078
stationary,0.0053,0.5,270,311.8438727
moving,0.0053,0.5,270,312.8447648
blank,0.0212,0.031,225,315.8543754
stationary,0.0212,0.031,225,316.8553379
moving,0.0212,0.031,225,317.8562595
blank,0.000668,16,225,320.8658168
stationary,0.000668,16,225,321.8667879
moving,0.000668,16,225,322.8677315
blank,0.0106,0.125,135,325.8774565
stationary,0.0106,0.125,135,326.8784843
moving,0.0106,0.125,135,327.8793875
blank,0.000668,16,90,330.8889984
stationary,0.000668,16,90,331.8899903
moving,0.000668,16,90,332.8909297
blank,0.000668,16,315,335.9004601
stationary,0.000668,16,315,336.9014464
moving,0.000668,16,315,337.9023744
blank,0.0106,0.125,315,340.9119009
stationary,0.0106,0.125,315,341.912907
moving,0.0106,0.125,315,342.9139157
blank,0.0212,0.031,45,345.9234855
stationary,0.0212,0.031,45,346.9244311
moving,0.0212,0.031,45,347.9254545
blank,0.001336,8,270,350.934985
stationary,0.001336,8,270,351.9359243
moving,0.001336,8,270,352.9368649
blank,0.00267,2,90,355.9464724
stationary,0.00267,2,90,356.9474441
moving,0.00267,2,90,357.9484358
blank,0.001336,8,270,360.9579713
stationary,0.001336,8,270,361.9589735
moving,0.001336,8,270,362.9599869
blank,0.0106,0.125,270,365.9694879
stationary,0.0106,0.125,270,366.9704545
moving,0.0106,0.125,270,367.9714048
blank,0.0053,0.5,270,370.9810344
stationary,0.0053,0.5,270,371.9820032
moving,0.0053,0.5,270,372.9829272
blank,0.001336,8,180,375.9926285
stationary,0.001336,8,180,376.9934449
moving,0.001336,8,180,377.9944317
blank,0.0212,0.031,225,381.0039668
stationary,0.0212,0.031,225,382.0049786
moving,0.0212,0.031,225,383.0059709
blank,0.0212,0.031,45,386.0155799
stationary,0.0212,0.031,45,387.0165106
moving,0.0212,0.031,45,388.0174402
blank,0.001336,8,225,391.0270476
stationary,0.001336,8,225,392.0279734
moving,0.001336,8,225,393.0289181
blank,0.0212,0.031,0,396.0385631
stationary,0.0212,0.031,0,397.0395197
moving,0.0212,0.031,0,398.0404458
blank,0.00267,2,315,401.0500499
stationary,0.00267,2,315,402.0510235
moving,0.00267,2,315,403.0519649
blank,0.0212,0.031,315,406.0615078
stationary,0.0212,0.031,315,407.0624747
moving,0.0212,0.031,315,408.0633965
blank,0.00267,2,180,411.0730581
stationary,0.00267,2,180,412.0740441
moving,0.00267,2,180,413.0749784
blank,0.0053,0.5,180,416.0845119
stationary,0.0053,0.5,180,417.0855677
moving,0.0053,0.5,180,418.086407
blank,0.0053,0.5,270,421.09602
stationary,0.0053,0.5,270,422.0969881
moving,0.0053,0.5,270,423.0979446
blank,0.000668,16,0,426.1075217
stationary,0.000668,16,0,427.1084926
moving,0.000668,16,0,428.1094504
blank,0.0212,0.031,270,431.1190797
stationary,0.0212,0.031,270,432.1200407
moving,0.0212,0.031,270,433.1209063
blank,0.000668,16,180,436.130531
stationary,0.000668,16,180,437.1314871
moving,0.000668,16,180,438.1325496
blank,0.0053,0.5,270,441.1421138
stationary,0.0053,0.5,270,442.1430834
moving,0.0053,0.5,270,443.1440097
blank,0.0053,0.5,180,446.1535979
stationary,0.0053,0.5,180,447.1545322
moving,0.0053,0.5,180,448.1554524
blank,0.0106,0.125,45,451.1650479
stationary,0.0106,0.125,45,452.1660627
moving,0.0106,0.125,45,453.1670017
blank,0.000668,16,0,456.1766029
stationary,0.000668,16,0,457.1775287
moving,0.000668,16,0,458.1785142
blank,0.00267,2,45,461.188116
stationary,0.00267,2,45,462.1891906
moving,0.00267,2,45,463.1899727
blank,0.0053,0.5,90,466.1996588
stationary,0.0053,0.5,90,467.2006062
moving,0.0053,0.5,90,468.2015188
blank,0.0106,0.125,135,471.2111206
stationary,0.0106,0.125,135,472.2120687
moving,0.0106,0.125,135,473.2129735
blank,0.0106,0.125,90,476.2226194
stationary,0.0106,0.125,90,477.2235369
moving,0.0106,0.125,90,478.2244462
blank,0.0212,0.031,225,481.2340832
stationary,0.0212,0.031,225,482.2350228
moving,0.0212,0.031,225,483.2360843
blank,0.00267,2,180,486.2455671
stationary,0.00267,2,180,487.2466229
moving,0.00267,2,180,488.2475329
blank,0.001336,8,45,491.2570804
stationary,0.001336,8,45,492.2580481
moving,0.001336,8,45,493.2589962
blank,0.00267,2,225,496.2686351
stationary,0.00267,2,225,497.2696039
moving,0.00267,2,225,498.2706434
blank,0.0212,0.031,45,501.2801554
stationary,0.0212,0.031,45,502.2810532
moving,0.0212,0.031,45,503.2820166
blank,0.0053,0.5,90,506.2916365
stationary,0.0053,0.5,90,507.2926172
moving,0.0053,0.5,90,508.2935548
blank,0.0053,0.5,135,511.303194
stationary,0.0053,0.5,135,512.3041317
moving,0.0053,0.5,135,513.3050216
blank,0.0053,0.5,180,516.3146145
stationary,0.0053,0.5,180,517.3155328
moving,0.0053,0.5,180,518.3165177
blank,0.00267,2,315,521.3261182
stationary,0.00267,2,315,522.3271467
moving,0.00267,2,315,523.3280307
blank,0.00267,2,0,526.3376109
stationary,0.00267,2,0,527.3385969
moving,0.00267,2,0,528.3396651
blank,0.0106,0.125,135,531.3491367
stationary,0.0106,0.125,135,532.3501014
moving,0.0106,0.125,135,533.3510288
blank,0.0106,0.125,45,536.3606441
stationary,0.0106,0.125,45,537.3615817
moving,0.0106,0.125,45,538.3625705
blank,0.000668,16,270,541.3721755
stationary,0.000668,16,270,542.3731649
moving,0.000668,16,270,543.3740999
blank,0.00267,2,90,546.3836454
stationary,0.00267,2,90,547.3846113
moving,0.00267,2,90,548.3856383
blank,0.000668,16,270,551.3951983
stationary,0.000668,16,270,552.3961644
moving,0.000668,16,270,553.3971146
blank,0.0106,0.125,0,556.4066922
stationary,0.0106,0.125,0,557.4076159
moving,0.0106,0.125,0,558.4085495
blank,0.001336,8,180,561.4181467
stationary,0.001336,8,180,562.4191102
moving,0.001336,8,180,563.4200804
blank,0.0212,0.031,45,566.4297262
stationary,0.0212,0.031,45,567.4306932
moving,0.0212,0.031,45,568.4316103
blank,0.000668,16,0,571.4412269
stationary,0.000668,16,0,572.4422147
moving,0.000668,16,0,573.4430935
blank,0.001336,8,90,576.4527323
stationary,0.001336,8,90,577.4536343
moving,0.001336,8,90,578.4545493
blank,0.00267,2,0,581.4642207
stationary,0.00267,2,0,582.4651715
moving,0.00267,2,0,583.4661058
blank,0.0053,0.5,225,586.4756919
stationary,0.0053,0.5,225,587.4766761
moving,0.0053,0.5,225,588.4775874
blank,0.0212,0.031,270,591.4872324
stationary,0.0212,0.031,270,592.4881629
moving,0.0212,0.031,270,593.4890869
blank,0.0212,0.031,135,596.4987491
stationary,0.0212,0.031,135,597.4997003
moving,0.0212,0.031,135,598.500587
blank,0.000668,16,0,601.5102028
stationary,0.000668,16,0,602.5111625
moving,0.000668,16,0,603.5121518
blank,0.000668,16,180,606.5217073
stationary,0.000668,16,180,607.5227082
moving,0.000668,16,180,608.5236085
blank,0.0053,0.5,0,611.5332087
stationary,0.0053,0.5,0,612.5341876
moving,0.0053,0.5,0,613.5352343
blank,0.0106,0.125,315,616.5446884
stationary,0.0106,0.125,315,617.5456494
moving,0.0106,0.125,315,618.5466074
blank,0.001336,8,90,621.5564959
stationary,0.001336,8,90,622.5575033
moving,0.001336,8,90,623.5584096
blank,0.00267,2,225,626.567997
stationary,0.00267,2,225,627.5689345
moving,0.00267,2,225,628.5698597
blank,0.0106,0.125,315,631.5794898
stationary,0.0106,0.125,315,632.5804223
moving,0.0106,0.125,315,633.5813966
blank,0.000668,16,45,636.5910502
stationary,0.000668,16,45,637.5919991
moving,0.000668,16,45,638.5929321
blank,0.0106,0.125,180,641.6024654
stationary,0.0106,0.125,180,642.6034525
moving,0.0106,0.125,180,643.6043678
blank,0.00267,2,135,646.6140854
stationary,0.00267,2,135,647.6149876
moving,0.00267,2,135,648.616057
blank,0.0212,0.031,90,651.625533
stationary,0.0212,0.031,90,652.6264945
moving,0.0212,0.031,90,653.6273875
blank,0.0053,0.5,135,656.6369896
stationary,0.0053,0.5,135,657.6379409
moving,0.0053,0.5,135,658.6389348
blank,0.0053,0.5,0,661.6485024
stationary,0.0053,0.5,0,662.649465
moving,0.0053,0.5,0,663.6504032
blank,0.00267,2,90,666.6600519
stationary,0.00267,2,90,667.661033
moving,0.00267,2,90,668.6620183
blank,0.0053,0.5,90,671.6715196
stationary,0.0053,0.5,90,672.6724795
moving,0.0053,0.5,90,673.6734338
blank,0.0212,0.031,180,676.6830581
stationary,0.0212,0.031,180,677.6840516
moving,0.0212,0.031,180,678.6849544
blank,0.00267,2,270,681.694822
stationary,0.00267,2,270,682.6957417
moving,0.00267,2,270,683.6966937
blank,0.0106,0.125,90,686.7062983
stationary,0.0106,0.125,90,687.7073055
moving,0.0106,0.125,90,688.7081813
blank,0.001336,8,225,691.7178363
stationary,0.001336,8,225,692.7187831
moving,0.001336,8,225,693.7197984
blank,0.000668,16,45,696.7293075
stationary,0.000668,16,45,697.7302993
moving,0.000668,16,45,698.7312007
blank,0.0106,0.125,180,701.7408382
stationary,0.0106,0.125,180,702.7417906
moving,0.0106,0.125,180,703.7427776
blank,0.001336,8,180,706.7524213
stationary,0.001336,8,180,707.7532401
moving,0.001336,8,180,708.7541493
blank,0.001336,8,225,711.7637944
stationary,0.001336,8,225,712.7647522
moving,0.001336,8,225,713.7656771
blank,0.001336,8,270,716.7754017
stationary,0.001336,8,270,717.7762633
moving,0.001336,8,270,718.77722
blank,0.0212,0.031,225,721.7868461
stationary,0.0212,0.031,225,722.787768
moving,0.0212,0.031,225,723.7887436
blank,0.0106,0.125,225,726.7983088
stationary,0.0106,0.125,225,727.7992904
moving,0.0106,0.125,225,728.8003059
blank,0.001336,8,45,731.8098562
stationary,0.001336,8,45,732.8108381
moving,0.001336,8,45,733.8117812
blank,0.00267,2,45,736.8213799
stationary,0.00267,2,45,737.8222835
moving,0.00267,2,45,738.8232748
blank,0.0212,0.031,45,741.8328764
stationary,0.0212,0.031,45,742.8338339
moving,0.0212,0.031,45,743.8348253
blank,0.000668,16,0,746.8443626
stationary,0.000668,16,0,747.8453309
moving,0.000668,16,0,748.8462616
blank,0.0106,0.125,315,751.8558845
stationary,0.0106,0.125,315,752.8567999
moving,0.0106,0.125,315,753.857742
blank,0.000668,16,0,756.8673928
stationary,0.000668,16,0,757.8683491
moving,0.000668,16,0,758.8692842
blank,0.0106,0.125,270,761.8789158
stationary,0.0106,0.125,270,762.8798771
moving,0.0106,0.125,270,763.8807854
blank,0.0053,0.5,225,766.8903305
stationary,0.0053,0.5,225,767.8912683
moving,0.0053,0.5,225,768.892281
blank,0.000668,16,90,771.9019396
stationary,0.000668,16,90,772.9028815
moving,0.000668,16,90,773.9038212
blank,0.000668,16,180,776.9134232
stationary,0.000668,16,180,777.9143759
moving,0.000668,16,180,778.9152885
blank,0.00267,2,270,781.9248722
stationary,0.00267,2,270,782.9258372
moving,0.00267,2,270,783.9269107
blank,0.0053,0.5,135,786.9364359
stationary,0.0053,0.5,135,787.9373768
moving,0.0053,0.5,135,788.9383186
blank,0.00267,2,0,791.9480333
stationary,0.00267,2,0,792.9488437
moving,0.00267,2,0,793.9498659
blank,0.0106,0.125,90,796.9593977
stationary,0.0106,0.125,90,797.9603667
moving,0.0106,0.125,90,798.9614453
blank,0.000668,16,315,801.970945
stationary,0.000668,16,315,802.9718983
moving,0.000668,16,315,803.9728647
blank,0.001336,8,45,806.9824627
stationary,0.001336,8,45,807.9833805
moving,0.001336,8,45,808.9843515
blank,0.000668,16,315,811.993994
stationary,0.000668,16,315,812.9949411
moving,0.000668,16,315,813.9959104
blank,0.0053,0.5,225,817.0054683
stationary,0.0053,0.5,225,818.0064149
moving,0.0053,0.5,225,819.0074587
blank,0.000668,16,180,822.0169813
stationary,0.000668,16,180,823.0179799
moving,0.000668,16,180,824.0189189
blank,0.0106,0.125,225,827.0285215
stationary,0.0106,0.125,225,828.0294147
moving,0.0106,0.125,225,829.0303988
blank,0.0212,0.031,45,832.0400436
stationary,0.0212,0.031,45,833.0409338
moving,0.0212,0.031,45,834.0419004
blank,0.0053,0.5,180,837.0514574
stationary,0.0053,0.5,180,838.052408
moving,0.0053,0.5,180,839.0533491
blank,0.0212,0.031,270,842.0629622
stationary,0.0212,0.031,270,843.063922
moving,0.0212,0.031,270,844.0648964
blank,0.00267,2,270,847.0744973
stationary,0.00267,2,270,848.0754333
moving,0.00267,2,270,849.0764306
blank,0.0212,0.031,225,852.0859736
stationary,0.0212,0.031,225,853.0869132
moving,0.0212,0.031,225,854.0880164
blank,0.001336,8,225,857.0974672
stationary,0.001336,8,225,858.0985115
moving,0.001336,8,225,859.0995191
blank,0.0053,0.5,0,862.1090335
stationary,0.0053,0.5,0,863.1100135
moving,0.0053,0.5,0,864.1108926
blank,0.0212,0.031,315,867.1204886
stationary,0.0212,0.031,315,868.1215081
moving,0.0212,0.031,315,869.1224286
blank,0.0053,0.5,135,872.132047
stationary,0.0053,0.5,135,873.1330362
moving,0.0053,0.5,135,874.1339171
blank,0.0053,0.5,90,877.1434747
stationary,0.0053,0.5,90,878.1444488
moving,0.0053,0.5,90,879.1454014
blank,0.000668,16,180,882.1550009
stationary,0.000668,16,180,883.1560457
moving,0.000668,16,180,884.1569815
blank,0.00267,2,225,887.166572
stationary,0.00267,2,225,888.1675337
moving,0.00267,2,225,889.1684881
blank,0.0106,0.125,135,892.1780142
stationary,0.0106,0.125,135,893.1790163
moving,0.0106,0.125,135,894.1799382
blank,0.000668,16,45,897.1896208
stationary,0.000668,16,45,898.1904743
moving,0.000668,16,45,899.1915028
blank,0.0212,0.031,180,902.2011065
stationary,0.0212,0.031,180,903.2020462
moving,0.0212,0.031,180,904.2029744
blank,0.0106,0.125,135,907.2125762
stationary,0.0106,0.125,135,908.2135246
moving,0.0106,0.125,135,909.2144377
blank,0.001336,8,90,912.2240484
stationary,0.001336,8,90,913.2250965
moving,0.001336,8,90,914.2260291
blank,0.001336,8,270,917.2358938
stationary,0.001336,8,270,918.2368368
moving,0.001336,8,270,919.2377972
blank,0.001336,8,0,922.2473746
stationary,0.001336,8,0,923.2483764
moving,0.001336,8,0,924.2493226
blank,0.000668,16,315,927.2588959
stationary,0.000668,16,315,928.2598149
moving,0.000668,16,315,929.26083
blank,0.0212,0.031,135,932.2704257
stationary,0.0212,0.031,135,933.2713562
moving,0.0212,0.031,135,934.2722807
blank,0.000668,16,270,937.2819201
stationary,0.000668,16,270,938.2828676
moving,0.000668,16,270,939.2838257
blank,0.0053,0.5,315,942.2934503
stationary,0.0053,0.5,315,943.2944874
moving,0.0053,0.5,315,944.2953392
blank,0.001336,8,270,947.3048521
stationary,0.001336,8,270,948.3058296
moving,0.001336,8,270,949.3068057
blank,0.001336,8,90,952.3164419
stationary,0.001336,8,90,953.317414
moving,0.001336,8,90,954.3183394
blank,0.0212,0.031,90,957.3279676
stationary,0.0212,0.031,90,958.3288785
moving,0.0212,0.031,90,959.3299557
blank,0.0053,0.5,0,962.3394051
stationary,0.0053,0.5,0,963.3403816
moving,0.0053,0.5,0,964.3413536
blank,0.0053,0.5,225,967.3509344
stationary,0.0053,0.5,225,968.351947
moving,0.0053,0.5,225,969.352896
blank,0.00267,2,225,972.3624652
stationary,0.00267,2,225,973.3634538
moving,0.00267,2,225,974.3643758
blank,0.0106,0.125,225,977.3739054
stationary,0.0106,0.125,225,978.3749119
moving,0.0106,0.125,225,979.3759488
blank,0.0053,0.5,135,982.3855036
stationary,0.0053,0.5,135,983.3864863
moving,0.0053,0.5,135,984.3873941
blank,0.00267,2,0,987.3969873
stationary,0.00267,2,0,988.3979124
moving,0.00267,2,0,989.3988987
blank,0.0053,0.5,270,992.4084772
stationary,0.0053,0.5,270,993.4093957
moving,0.0053,0.5,270,994.4104292
blank,0.0212,0.031,0,997.4200432
stationary,0.0212,0.031,0,998.4209775
moving,0.0212,0.031,0,999.4218792
blank,0.0106,0.125,0,1002.4315159
stationary,0.0106,0.125,0,1003.4324452
moving,0.0106,0.125,0,1004.4334254
blank,0.0212,0.031,135,1007.4430164
stationary,0.0212,0.031,135,1008.443968
moving,0.0212,0.031,135,1009.4448528
blank,0.000668,16,90,1012.4545272
stationary,0.000668,16,90,1013.4554997
moving,0.000668,16,90,1014.4564341
blank,0.0106,0.125,225,1017.4660405
stationary,0.0106,0.125,225,1018.4670089
moving,0.0106,0.125,225,1019.4679413
blank,0.000668,16,45,1022.4775403
stationary,0.000668,16,45,1023.4785042
moving,0.000668,16,45,1024.479421
blank,0.001336,8,0,1027.4890865
stationary,0.001336,8,0,1028.4900317
moving,0.001336,8,0,1029.4909023
blank,0.0106,0.125,135,1032.5005155
stationary,0.0106,0.125,135,1033.5014822
moving,0.0106,0.125,135,1034.5024494
blank,0.0106,0.125,45,1037.5120643
stationary,0.0106,0.125,45,1038.5130003
moving,0.0106,0.125,45,1039.5139872
blank,0.0106,0.125,45,1042.5235689
stationary,0.0106,0.125,45,1043.5245649
moving,0.0106,0.125,45,1044.5254769
blank,0.0212,0.031,315,1047.5350305
stationary,0.0212,0.031,315,1048.5359411
moving,0.0212,0.031,315,1049.5369125
blank,0.001336,8,45,1052.546529
stationary,0.001336,8,45,1053.5475497
moving,0.001336,8,45,1054.5484836
blank,0.0106,0.125,180,1057.5580431
stationary,0.0106,0.125,180,1058.5590485
moving,0.0106,0.125,180,1059.5600284
blank,0.000668,16,135,1062.569549
stationary,0.000668,16,135,1063.5705338
moving,0.000668,16,135,1064.571524
blank,0.00267,2,225,1067.5810697
stationary,0.00267,2,225,1068.5821131
moving,0.00267,2,225,1069.5829894
blank,0.001336,8,135,1072.5925629
stationary,0.001336,8,135,1073.5935312
moving,0.001336,8,135,1074.5944714
blank,0.001336,8,0,1077.6040914
stationary,0.001336,8,0,1078.6050796
moving,0.001336,8,0,1079.6060334
blank,0.00267,2,135,1082.6156136
stationary,0.00267,2,135,1083.6165931
moving,0.00267,2,135,1084.6175239
blank,0.00267,2,0,1087.6270966
stationary,0.00267,2,0,1088.6280621
moving,0.00267,2,0,1089.6289928
blank,0.000668,16,90,1092.6387069
stationary,0.000668,16,90,1093.639619
moving,0.000668,16,90,1094.6405404
blank,0.0053,0.5,135,1097.6501146
stationary,0.0053,0.5,135,1098.6510773
moving,0.0053,0.5,135,1099.6520323
blank,0.0106,0.125,270,1102.6616601
stationary,0.0106,0.125,270,1103.6625894
moving,0.0106,0.125,270,1104.6635355
blank,0.001336,8,0,1107.6731767
stationary,0.001336,8,0,1108.6741086
moving,0.001336,8,0,1109.6750745
blank,0.001336,8,45,1112.6846667
stationary,0.001336,8,45,1113.6856222
moving,0.001336,8,45,1114.6865547
blank,0.0106,0.125,225,1117.6961111
stationary,0.0106,0.125,225,1118.6971477
moving,0.0106,0.125,225,1119.6980647
blank,0.001336,8,225,1122.7077147
stationary,0.001336,8,225,1123.7086696
moving,0.001336,8,225,1124.7097012
blank,0.0212,0.031,90,1127.7191948
stationary,0.0212,0.031,90,1128.7201702
moving,0.0212,0.031,90,1129.7210402
blank,0.00267,2,90,1132.730706
stationary,0.00267,2,90,1133.7316808
moving,0.00267,2,90,1134.7326139
blank,0.00267,2,0,1137.7421941
stationary,0.00267,2,0,1138.7431251
moving,0.00267,2,0,1139.7440722
blank,0.001336,8,90,1142.7536731
stationary,0.001336,8,90,1143.7546381
moving,0.001336,8,90,1144.7555931
blank,0.0053,0.5,45,1147.7652497
stationary,0.0053,0.5,45,1148.7661927
moving,0.0053,0.5,45,1149.7671313
blank,0.001336,8,180,1152.7767668
stationary,0.001336,8,180,1153.7776473
moving,0.001336,8,180,1154.7787166
blank,0.00267,2,270,1157.7882602
stationary,0.00267,2,270,1158.7891852
moving,0.00267,2,270,1159.7901963
blank,0.0106,0.125,315,1162.7997785
stationary,0.0106,0.125,315,1163.8007335
moving,0.0106,0.125,315,1164.8016462
blank,0.0212,0.031,0,1167.8112843
stationary,0.0212,0.031,0,1168.8122429
moving,0.0212,0.031,0,1169.813111
blank,0.00267,2,315,1172.8227871
stationary,0.00267,2,315,1173.8237482
moving,0.00267,2,315,1174.8247232
blank,0.000668,16,270,1177.8343052
stationary,0.000668,16,270,1178.8352623
moving,0.000668,16,270,1179.8361648
blank,0.000668,16,135,1182.8458112
stationary,0.000668,16,135,1183.8467404
moving,0.000668,16,135,1184.8478277
blank,0.0212,0.031,0,1187.8573259
stationary,0.0212,0.031,0,1188.8582888
moving,0.0212,0.031,0,1189.8592024
blank,0.001336,8,45,1192.8688567
stationary,0.001336,8,45,1193.8697895
moving,0.001336,8,45,1194.8707281
blank,0.000668,16,135,1197.8802914
stationary,0.000668,16,135,1198.8812801
moving,0.000668,16,135,1199.8822603
blank,0.0053,0.5,135,1202.8918575
stationary,0.0053,0.5,135,1203.8927728
moving,0.0053,0.5,135,1204.8938303
blank,0.0106,0.125,270,1207.9033331
stationary,0.0106,0.125,270,1208.9042809
moving,0.0106,0.125,270,1209.9053301
blank,0.0053,0.5,180,1212.9148282
stationary,0.0053,0.5,180,1213.9158267
moving,0.0053,0.5,180,1214.9167746
blank,0.001336,8,180,1217.9264837
stationary,0.001336,8,180,1218.927307
moving,0.001336,8,180,1219.9282913
blank,0.0053,0.5,225,1222.9378062
stationary,0.0053,0.5,225,1223.9388864
moving,0.0053,0.5,225,1224.9397886
blank,0.001336,8,90,1227.9493972
stationary,0.001336,8,90,1228.950363
moving,0.001336,8,90,1229.951336
blank,0.00267,2,135,1232.9608574
stationary,0.00267,2,135,1233.9618698
moving,0.00267,2,135,1234.9628943
blank,0.0212,0.031,135,1237.9723684
stationary,0.0212,0.031,135,1238.9733511
moving,0.0212,0.031,135,1239.9742619
blank,0.000668,16,225,1242.9839321
stationary,0.000668,16,225,1243.9848962
moving,0.000668,16,225,1244.9858454
blank,0.001336,8,315,1247.9954242
stationary,0.001336,8,315,1248.9964128
moving,0.001336,8,315,1249.9973357
blank,0.0212,0.031,90,1253.0069176
stationary,0.0212,0.031,90,1254.0078949
moving,0.0212,0.031,90,1255.0088912
blank,0.00267,2,0,1258.0184688
stationary,0.00267,2,0,1259.019391
moving,0.00267,2,0,1260.0203864
blank,0.001336,8,45,1263.0299763
stationary,0.001336,8,45,1264.0309493
moving,0.001336,8,45,1265.0318371
blank,0.000668,16,180,1268.0414303
stationary,0.000668,16,180,1269.0424002
moving,0.000668,16,180,1270.0433735
blank,0.000668,16,270,1273.0529883
stationary,0.000668,16,270,1274.0539087
moving,0.000668,16,270,1275.054922
blank,0.000668,16,180,1278.0645522
stationary,0.000668,16,180,1279.0654855
moving,0.000668,16,180,1280.0663976
blank,0.001336,8,315,1283.0759567
stationary,0.001336,8,315,1284.0769284
moving,0.001336,8,315,1285.0778676
blank,0.0053,0.5,180,1288.0875286
stationary,0.0053,0.5,180,1289.0884783
moving,0.0053,0.5,180,1290.0895401
blank,0.0106,0.125,135,1293.0989992
stationary,0.0106,0.125,135,1294.0999351
moving,0.0106,0.125,135,1295.1009675
blank,0.001336,8,180,1298.1105441
stationary,0.001336,8,180,1299.1115304
moving,0.001336,8,180,1300.1124484
blank,0.0212,0.031,90,1303.1220605
stationary,0.0212,0.031,90,1304.1230516
moving,0.0212,0.031,90,1305.1239594
blank,0.000668,16,135,1308.1335158
stationary,0.000668,16,135,1309.1344507
moving,0.000668,16,135,1310.1354301
blank,0.0106,0.125,135,1313.1450886
stationary,0.0106,0.125,135,1314.1460654
moving,0.0106,0.125,135,1315.1469549
blank,0.0053,0.5,225,1318.1566009
stationary,0.0053,0.5,225,1319.1575247
moving,0.0053,0.5,225,1320.158581
blank,0.0212,0.031,90,1323.1680659
stationary,0.0212,0.031,90,1324.1690046
moving,0.0212,0.031,90,1325.1700117
blank,0.0212,0.031,270,1328.1796238
stationary,0.0212,0.031,270,1329.1805868
moving,0.0212,0.031,270,1330.1814875
blank,0.000668,16,45,1333.1911164
stationary,0.000668,16,45,1334.1920488
moving,0.000668,16,45,1335.1930925
blank,0.0053,0.5,135,1338.2026029
stationary,0.0053,0.5,135,1339.2035458
moving,0.0053,0.5,135,1340.2046844
blank,0.0212,0.031,90,1343.214329
stationary,0.0212,0.031,90,1344.2152978
moving,0.0212,0.031,90,1345.2162108
blank,0.001336,8,315,1348.2258547
stationary,0.001336,8,315,1349.2267416
moving,0.001336,8,315,1350.2277794
blank,0.000668,16,135,1353.2373564
stationary,0.000668,16,135,1354.2382886
moving,0.000668,16,135,1355.2393382
blank,0.0053,0.5,270,1358.2488989
stationary,0.0053,0.5,270,1359.2498384
moving,0.0053,0.5,270,1360.2507584
blank,0.00267,2,225,1363.2603105
stationary,0.00267,2,225,1364.2612935
moving,0.00267,2,225,1365.2622537
blank,0.0053,0.5,180,1368.2718235
stationary,0.0053,0.5,180,1369.2728518
moving,0.0053,0.5,180,1370.2737786
blank,0.001336,8,315,1373.2833881
stationary,0.001336,8,315,1374.2843572
moving,0.001336,8,315,1375.285274
blank,0.0053,0.5,45,1378.2948552
stationary,0.0053,0.5,45,1379.2958589
moving,0.0053,0.5,45,1380.2967569
blank,0.000668,16,225,1383.306347
stationary,0.000668,16,225,1384.3074072
moving,0.000668,16,225,1385.3083118
blank,0.0212,0.031,180,1388.3178964
stationary,0.0212,0.031,180,1389.3188455
moving,0.0212,0.031,180,1390.3197511
blank,0.00267,2,0,1393.3293799
stationary,0.00267,2,0,1394.3303639
moving,0.00267,2,0,1395.3313448
blank,0.00267,2,270,1398.3409021
stationary,0.00267,2,270,1399.3418836
moving,0.00267,2,270,1400.3428738
blank,0.00267,2,270,1403.3524081
stationary,0.00267,2,270,1404.3534326
moving,0.00267,2,270,1405.3543518
blank,0.0212,0.031,270,1408.3639696
stationary,0.0212,0.031,270,1409.3648749
moving,0.0212,0.031,270,1410.3658371
blank,0.000668,16,225,1413.3755278
stationary,0.000668,16,225,1414.3764565
moving,0.000668,16,225,1415.3773462
blank,0.0212,0.031,0,1418.3869968
stationary,0.0212,0.031,0,1419.3879607
moving,0.0212,0.031,0,1420.38887
blank,0.001336,8,45,1423.3985148
stationary,0.001336,8,45,1424.3994788
moving,0.001336,8,45,1425.400422
blank,0.000668,16,225,1428.4100195
stationary,0.000668,16,225,1429.410967
moving,0.000668,16,225,1430.4119957
blank,0.0053,0.5,0,1433.4214538
stationary,0.0053,0.5,0,1434.422429
moving,0.0053,0.5,0,1435.4234883
blank,0.0106,0.125,315,1438.4332407
stationary,0.0106,0.125,315,1439.4341725
moving,0.0106,0.125,315,1440.4351241
blank,0.0106,0.125,0,1443.4446668
stationary,0.0106,0.125,0,1444.4456475
moving,0.0106,0.125,0,1445.4466216
blank,0.0212,0.031,0,1448.4561777
stationary,0.0212,0.031,0,1449.4571342
moving,0.0212,0.031,0,1450.4581144
blank,0.001336,8,315,1453.4677375
stationary,0.001336,8,315,1454.4687129
moving,0.001336,8,315,1455.4696717
blank,0.0212,0.031,270,1458.4792612
stationary,0.0212,0.031,270,1459.4802627
moving,0.0212,0.031,270,1460.4812603
blank,0.001336,8,90,1463.4907463
stationary,0.001336,8,90,1464.4916365
moving,0.001336,8,90,1465.4926272
blank,0.000668,16,225,1468.5022831
stationary,0.000668,16,225,1469.5032436
moving,0.000668,16,225,1470.5042773
blank,0.000668,16,315,1473.5138642
stationary,0.000668,16,315,1474.5147525
moving,0.000668,16,315,1475.5156818
blank,0.0106,0.125,0,1478.5252795
stationary,0.0106,0.125,0,1479.5262443
moving,0.0106,0.125,0,1480.52719
blank,0.00267,2,315,1483.5368164
stationary,0.00267,2,315,1484.5378158
moving,0.00267,2,315,1485.5387051
blank,0.0106,0.125,45,1488.5483288
stationary,0.0106,0.125,45,1489.5492716
moving,0.0106,0.125,45,1490.5501989
blank,0.0212,0.031,180,1493.5597864
stationary,0.0212,0.031,180,1494.5608032
moving,0.0212,0.031,180,1495.561733
blank,0.0212,0.031,0,1498.5713626
stationary,0.0212,0.031,0,1499.572327
moving,0.0212,0.031,0,1500.5732202
blank,0.0053,0.5,270,1503.5830205
