Trial,Cycles Per Pixel,Spatial Frequency,Temporal Frequency,Direction,Time
blank,0.0019335,0.0441942,5.65685,135,0.1286544
stationary,0.0019335,0.0441942,5.65685,135,1.1344826
moving,0.0019335,0.0441942,5.65685,135,2.1383647
blank,0.00773398,0.176777,1.41421,0,5.1964942
stationary,0.00773398,0.176777,1.41421,0,6.1977952
moving,0.00773398,0.176777,1.41421,0,7.2020204
blank,0.000683594,0.015625,16,90,10.3166855
stationary,0.000683594,0.015625,16,90,11.3179485
moving,0.000683594,0.015625,16,90,12.3228327
blank,0.00273438,0.0625,4,135,15.3985459
stationary,0.00273438,0.0625,4,135,16.3995653
moving,0.00273438,0.0625,4,135,17.4042345
blank,0.00773398,0.176777,1.41421,225,20.4669757
stationary,0.00773398,0.176777,1.41421,225,21.4680388
moving,0.00773398,0.176777,1.41421,225,22.4692699
blank,0.00386699,0.0883883,2.82843,0,25.5288682
stationary,0.00386699,0.0883883,2.82843,0,26.5300469
moving,0.00386699,0.0883883,2.82843,0,27.5331298
blank,0.00386699,0.0883883,2.82843,180,30.5883451
stationary,0.00386699,0.0883883,2.82843,180,31.5893549
moving,0.00386699,0.0883883,2.82843,180,32.5923682
blank,0.00773398,0.176777,1.41421,45,35.6511337
stationary,0.00773398,0.176777,1.41421,45,36.6521311
moving,0.00773398,0.176777,1.41421,45,37.6532055
blank,0.0019335,0.0441942,5.65685,0,40.7287529
stationary,0.0019335,0.0441942,5.65685,0,41.7297352
moving,0.0019335,0.0441942,5.65685,0,42.730892
blank,0.0109375,0.25,1,225,45.7913723
stationary,0.0109375,0.25,1,225,46.7928214
moving,0.0109375,0.25,1,225,47.7938906
blank,0.00273438,0.0625,4,90,50.8603943
stationary,0.00273438,0.0625,4,90,51.8613174
moving,0.00273438,0.0625,4,90,52.8630008
blank,0.00773398,0.176777,1.41421,315,55.9414291
stationary,0.00773398,0.176777,1.41421,315,56.9424791
moving,0.00773398,0.176777,1.41421,315,57.945607
blank,0.000683594,0.015625,16,270,61.0467088
stationary,0.000683594,0.015625,16,270,62.0477325
moving,0.000683594,0.015625,16,270,63.0494382
blank,0.0019335,0.0441942,5.65685,90,66.1255825
stationary,0.0019335,0.0441942,5.65685,90,67.1270669
moving,0.0019335,0.0441942,5.65685,90,68.1282558
blank,0.00086227,0.019709,12.6845,45,71.2442796
stationary,0.00086227,0.019709,12.6845,45,72.2452187
moving,0.00086227,0.019709,12.6845,45,73.2489176
blank,0.0019335,0.0441942,5.65685,45,76.3343837
stationary,0.0019335,0.0441942,5.65685,45,77.341934
moving,0.0019335,0.0441942,5.65685,45,78.3470081
blank,0.00086227,0.019709,12.6845,225,81.4525484
stationary,0.00086227,0.019709,12.6845,225,82.453721
moving,0.00086227,0.019709,12.6845,225,83.455132
blank,0.0109375,0.25,1,90,86.5133243
stationary,0.0109375,0.25,1,90,87.5143655
moving,0.0109375,0.25,1,90,88.5176168
blank,0.00386699,0.0883883,2.82843,270,91.574702
stationary,0.00386699,0.0883883,2.82843,270,92.5757655
moving,0.00386699,0.0883883,2.82843,270,93.5767898
blank,0.00546875,0.125,2,270,96.6292082
stationary,0.00546875,0.125,2,270,97.6303688
moving,0.00546875,0.125,2,270,98.6314123
blank,0.00108388,0.0247745,10.091,225,101.7251629
stationary,0.00108388,0.0247745,10.091,225,102.7262469
moving,0.00108388,0.0247745,10.091,225,103.7273215
blank,0.0019335,0.0441942,5.65685,270,106.8004041
stationary,0.0019335,0.0441942,5.65685,270,107.8012086
moving,0.0019335,0.0441942,5.65685,270,108.8024547
blank,0.00086227,0.019709,12.6845,0,111.900906
stationary,0.00086227,0.019709,12.6845,0,112.901979
moving,0.00086227,0.019709,12.6845,0,113.9031096
blank,0.000683594,0.015625,16,45,117.0378442
stationary,0.000683594,0.015625,16,45,118.0387546
moving,0.000683594,0.015625,16,45,119.0400958
blank,0.00108388,0.0247745,10.091,0,122.1357473
stationary,0.00108388,0.0247745,10.091,0,123.1365756
moving,0.00108388,0.0247745,10.091,0,124.137843
blank,0.0019335,0.0441942,5.65685,315,127.2126048
stationary,0.0019335,0.0441942,5.65685,315,128.2140477
moving,0.0019335,0.0441942,5.65685,315,129.2192173
blank,0.00273438,0.0625,4,0,132.2921371
stationary,0.00273438,0.0625,4,0,133.2931589
moving,0.00273438,0.0625,4,0,134.2944708
blank,0.00108388,0.0247745,10.091,180,137.3864083
stationary,0.00108388,0.0247745,10.091,180,138.3872486
moving,0.00108388,0.0247745,10.091,180,139.3907705
blank,0.00108388,0.0247745,10.091,135,142.4888328
stationary,0.00108388,0.0247745,10.091,135,143.4898178
moving,0.00108388,0.0247745,10.091,135,144.4917163
blank,0.00546875,0.125,2,45,147.5650956
stationary,0.00546875,0.125,2,45,148.5659853
moving,0.00546875,0.125,2,45,149.5692193
blank,0.0109375,0.25,1,45,152.6260254
stationary,0.0109375,0.25,1,45,153.6269672
moving,0.0109375,0.25,1,45,154.6281324
blank,0.000683594,0.015625,16,0,157.7475289
stationary,0.000683594,0.015625,16,0,158.7486255
moving,0.000683594,0.015625,16,0,159.7497887
blank,0.00108388,0.0247745,10.091,45,162.8498046
stationary,0.00108388,0.0247745,10.091,45,163.8508415
moving,0.00108388,0.0247745,10.091,45,164.8544936
blank,0.0109375,0.25,1,270,167.9070397
stationary,0.0109375,0.25,1,270,168.9081242
moving,0.0109375,0.25,1,270,169.9091143
blank,0.00386699,0.0883883,2.82843,45,172.9787233
stationary,0.00386699,0.0883883,2.82843,45,173.9796141
moving,0.00386699,0.0883883,2.82843,45,174.9832714
blank,0.00773398,0.176777,1.41421,180,178.0393278
stationary,0.00773398,0.176777,1.41421,180,179.0401911
moving,0.00773398,0.176777,1.41421,180,180.0418054
blank,0.00086227,0.019709,12.6845,135,183.1399299
stationary,0.00086227,0.019709,12.6845,135,184.141019
moving,0.00086227,0.019709,12.6845,135,185.1438263
blank,0.0109375,0.25,1,315,188.2046526
stationary,0.0109375,0.25,1,315,189.2057156
moving,0.0109375,0.25,1,315,190.2067168
blank,0.00273438,0.0625,4,180,193.270636
stationary,0.00273438,0.0625,4,180,194.2716491
moving,0.00273438,0.0625,4,180,195.2729693
blank,0.00546875,0.125,2,0,198.3334831
stationary,0.00546875,0.125,2,0,199.3345842
moving,0.00546875,0.125,2,0,200.3356754
blank,0.00136719,0.03125,8,45,203.4298201
stationary,0.00136719,0.03125,8,45,204.430987
moving,0.00136719,0.03125,8,45,205.4321204
blank,0.0019335,0.0441942,5.65685,225,208.5098579
stationary,0.0019335,0.0441942,5.65685,225,209.5104664
moving,0.0019335,0.0441942,5.65685,225,210.5138034
blank,0.00086227,0.019709,12.6845,90,213.6162651
stationary,0.00086227,0.019709,12.6845,90,214.6173685
moving,0.00086227,0.019709,12.6845,90,215.6206163
blank,0.00773398,0.176777,1.41421,135,218.6824285
stationary,0.00773398,0.176777,1.41421,135,219.6833959
moving,0.00773398,0.176777,1.41421,135,220.6846652
blank,0.00773398,0.176777,1.41421,90,223.7422975
stationary,0.00773398,0.176777,1.41421,90,224.7433024
moving,0.00773398,0.176777,1.41421,90,225.7443891
blank,0.00136719,0.03125,8,225,228.8282462
stationary,0.00136719,0.03125,8,225,229.8293227
moving,0.00136719,0.03125,8,225,230.8305087
blank,0.0019335,0.0441942,5.65685,180,233.9038533
stationary,0.0019335,0.0441942,5.65685,180,234.9050506
moving,0.0019335,0.0441942,5.65685,180,235.9061568
blank,0.00108388,0.0247745,10.091,315,238.9999149
stationary,0.00108388,0.0247745,10.091,315,240.000889
moving,0.00108388,0.0247745,10.091,315,241.0040152
blank,0.00546875,0.125,2,135,244.0660168
stationary,0.00546875,0.125,2,135,245.0670517
moving,0.00546875,0.125,2,135,246.0706325
blank,0.0109375,0.25,1,180,249.1224815
stationary,0.0109375,0.25,1,180,250.1235981
moving,0.0109375,0.25,1,180,251.1246875
blank,0.00136719,0.03125,8,90,254.2058073
stationary,0.00136719,0.03125,8,90,255.2068577
moving,0.00136719,0.03125,8,90,256.210552
blank,0.00773398,0.176777,1.41421,270,259.260311
stationary,0.00773398,0.176777,1.41421,270,260.261521
moving,0.00773398,0.176777,1.41421,270,261.2624856
blank,0.000683594,0.015625,16,315,264.3787649
stationary,0.000683594,0.015625,16,315,265.380082
moving,0.000683594,0.015625,16,315,266.3851563
blank,0.00386699,0.0883883,2.82843,135,269.4610242
stationary,0.00386699,0.0883883,2.82843,135,270.4631736
moving,0.00386699,0.0883883,2.82843,135,271.4644065
blank,0.00136719,0.03125,8,270,274.5381811
stationary,0.00136719,0.03125,8,270,275.5391619
moving,0.00136719,0.03125,8,270,276.5403051
blank,0.00136719,0.03125,8,180,279.6261017
stationary,0.00136719,0.03125,8,180,280.6342194
moving,0.00136719,0.03125,8,180,281.6354209
blank,0.000683594,0.015625,16,180,284.7499093
stationary,0.000683594,0.015625,16,180,285.7511467
moving,0.000683594,0.015625,16,180,286.7522189
blank,0.00273438,0.0625,4,270,289.819146
stationary,0.00273438,0.0625,4,270,290.8200916
moving,0.00273438,0.0625,4,270,291.8212514
blank,0.0109375,0.25,1,135,294.8805744
stationary,0.0109375,0.25,1,135,295.8815068
moving,0.0109375,0.25,1,135,296.882584
blank,0.00546875,0.125,2,225,299.9425989
stationary,0.00546875,0.125,2,225,300.9436843
moving,0.00546875,0.125,2,225,301.944806
blank,0.00273438,0.0625,4,315,305.017789
stationary,0.00273438,0.0625,4,315,306.0188924
moving,0.00273438,0.0625,4,315,307.0199972
blank,0.00136719,0.03125,8,315,310.1116858
stationary,0.00136719,0.03125,8,315,311.1125349
moving,0.00136719,0.03125,8,315,312.1149185
blank,0.000683594,0.015625,16,225,315.2430273
stationary,0.000683594,0.015625,16,225,316.2440518
moving,0.000683594,0.015625,16,225,317.2455144
blank,0.00136719,0.03125,8,135,320.3392128
stationary,0.00136719,0.03125,8,135,321.3403157
moving,0.00136719,0.03125,8,135,322.3413921
blank,0.00086227,0.019709,12.6845,315,325.4557498
stationary,0.00086227,0.019709,12.6845,315,326.4566728
moving,0.00086227,0.019709,12.6845,315,327.4579623
blank,0.00108388,0.0247745,10.091,90,330.5516981
stationary,0.00108388,0.0247745,10.091,90,331.5527005
moving,0.00108388,0.0247745,10.091,90,332.5538061
blank,0.00386699,0.0883883,2.82843,90,335.61688
stationary,0.00386699,0.0883883,2.82843,90,336.6177903
moving,0.00386699,0.0883883,2.82843,90,337.6190413
blank,0.00546875,0.125,2,180,340.6765441
stationary,0.00546875,0.125,2,180,341.677556
moving,0.00546875,0.125,2,180,342.6807996
blank,0.00086227,0.019709,12.6845,180,345.7802373
stationary,0.00086227,0.019709,12.6845,180,346.7816836
moving,0.00086227,0.019709,12.6845,180,347.7850208
blank,0.00086227,0.019709,12.6845,270,350.8767044
stationary,0.00086227,0.019709,12.6845,270,351.8776627
moving,0.00086227,0.019709,12.6845,270,352.8798424
blank,0.00386699,0.0883883,2.82843,225,355.9529799
stationary,0.00386699,0.0883883,2.82843,225,356.9538514
moving,0.00386699,0.0883883,2.82843,225,357.9549907
blank,0.000683594,0.015625,16,135,361.0715639
stationary,0.000683594,0.015625,16,135,362.0725933
moving,0.000683594,0.015625,16,135,363.0783856
blank,0.00546875,0.125,2,315,366.1547551
stationary,0.00546875,0.125,2,315,367.1557546
moving,0.00546875,0.125,2,315,368.1609979
blank,0.00273438,0.0625,4,225,371.236096
stationary,0.00273438,0.0625,4,225,372.2372871
moving,0.00273438,0.0625,4,225,373.2419149
blank,0.00136719,0.03125,8,0,376.3301824
stationary,0.00136719,0.03125,8,0,377.3309795
moving,0.00136719,0.03125,8,0,378.3341783
blank,0.0109375,0.25,1,0,381.3942805
stationary,0.0109375,0.25,1,0,382.4018537
moving,0.0109375,0.25,1,0,383.4029632
blank,0.00546875,0.125,2,90,386.4598303
stationary,0.00546875,0.125,2,90,387.4609439
moving,0.00546875,0.125,2,90,388.4619701
blank,0.00108388,0.0247745,10.091,270,391.5475125
stationary,0.00108388,0.0247745,10.091,270,392.5544666
moving,0.00108388,0.0247745,10.091,270,393.5556202
blank,0.00386699,0.0883883,2.82843,315,396.628783
stationary,0.00386699,0.0883883,2.82843,315,397.629686
moving,0.00386699,0.0883883,2.82843,315,398.6369218
blank,0.00273438,0.0625,4,45,401.7147122
stationary,0.00273438,0.0625,4,45,402.7157934
moving,0.00273438,0.0625,4,45,403.7189847
blank,0.0019335,0.0441942,5.65685,135,406.7960594
stationary,0.0019335,0.0441942,5.65685,135,407.7970784
moving,0.0019335,0.0441942,5.65685,135,408.8004334
blank,0.00773398,0.176777,1.41421,0,411.8625159
stationary,0.00773398,0.176777,1.41421,0,412.8640542
moving,0.00773398,0.176777,1.41421,0,413.867128
blank,0.000683594,0.015625,16,90,416.9790948
stationary,0.000683594,0.015625,16,90,417.9799929
moving,0.000683594,0.015625,16,90,418.9812834
blank,0.00273438,0.0625,4,135,422.0522239
stationary,0.00273438,0.0625,4,135,423.0531358
moving,0.00273438,0.0625,4,135,424.0541847
blank,0.00773398,0.176777,1.41421,225,427.1159458
stationary,0.00773398,0.176777,1.41421,225,428.1167408
moving,0.00773398,0.176777,1.41421,225,429.1179084
blank,0.00386699,0.0883883,2.82843,0,432.1851664
stationary,0.00386699,0.0883883,2.82843,0,433.1862132
moving,0.00386699,0.0883883,2.82843,0,434.1874036
blank,0.00386699,0.0883883,2.82843,180,437.2604388
stationary,0.00386699,0.0883883,2.82843,180,438.2614552
moving,0.00386699,0.0883883,2.82843,180,439.2625966
blank,0.00773398,0.176777,1.41421,45,442.3250425
stationary,0.00773398,0.176777,1.41421,45,443.3260751
moving,0.00773398,0.176777,1.41421,45,444.3271712
blank,0.0019335,0.0441942,5.65685,0,447.3997603
stationary,0.0019335,0.0441942,5.65685,0,448.4008601
moving,0.0019335,0.0441942,5.65685,0,449.4041475
blank,0.0109375,0.25,1,225,452.4654523
stationary,0.0109375,0.25,1,225,453.4668034
moving,0.0109375,0.25,1,225,454.4679819
blank,0.00273438,0.0625,4,90,457.5414285
stationary,0.00273438,0.0625,4,90,458.5423785
moving,0.00273438,0.0625,4,90,459.5434334
blank,0.00773398,0.176777,1.41421,315,462.6032767
stationary,0.00773398,0.176777,1.41421,315,463.6047085
moving,0.00773398,0.176777,1.41421,315,464.6080476
blank,0.000683594,0.015625,16,270,467.7133719
stationary,0.000683594,0.015625,16,270,468.7144765
moving,0.000683594,0.015625,16,270,469.7156383
blank,0.0019335,0.0441942,5.65685,90,472.79626
stationary,0.0019335,0.0441942,5.65685,90,473.7973415
moving,0.0019335,0.0441942,5.65685,90,474.8004019
blank,0.00086227,0.019709,12.6845,45,477.9155016
stationary,0.00086227,0.019709,12.6845,45,478.9163607
moving,0.00086227,0.019709,12.6845,45,479.9176608
blank,0.0019335,0.0441942,5.65685,45,483.0073766
stationary,0.0019335,0.0441942,5.65685,45,484.0083538
moving,0.0019335,0.0441942,5.65685,45,485.0095234
blank,0.00086227,0.019709,12.6845,225,488.1192113
stationary,0.00086227,0.019709,12.6845,225,489.1212348
moving,0.00086227,0.019709,12.6845,225,490.1223833
blank,0.0109375,0.25,1,90,493.1891656
stationary,0.0109375,0.25,1,90,494.190095
moving,0.0109375,0.25,1,90,495.1932942
blank,0.00386699,0.0883883,2.82843,270,498.2500202
stationary,0.00386699,0.0883883,2.82843,270,499.2508477
moving,0.00386699,0.0883883,2.82843,270,500.2520506
blank,0.00546875,0.125,2,270,503.3058331
stationary,0.00546875,0.125,2,270,504.3073775
moving,0.00546875,0.125,2,270,505.3084005
blank,0.00108388,0.0247745,10.091,225,508.4041983
stationary,0.00108388,0.0247745,10.091,225,509.4052335
moving,0.00108388,0.0247745,10.091,225,510.4068636
blank,0.0019335,0.0441942,5.65685,270,513.4801594
stationary,0.0019335,0.0441942,5.65685,270,514.481092
moving,0.0019335,0.0441942,5.65685,270,515.4822089
blank,0.00086227,0.019709,12.6845,0,518.586293
stationary,0.00086227,0.019709,12.6845,0,519.5871915
moving,0.00086227,0.019709,12.6845,0,520.5903868
blank,0.000683594,0.015625,16,45,523.7272785
stationary,0.000683594,0.015625,16,45,524.728157
moving,0.000683594,0.015625,16,45,525.7294965
blank,0.00108388,0.0247745,10.091,0,528.8297471
stationary,0.00108388,0.0247745,10.091,0,529.8306869
moving,0.00108388,0.0247745,10.091,0,530.8338133
blank,0.0019335,0.0441942,5.65685,315,533.9149279
stationary,0.0019335,0.0441942,5.65685,315,534.9159723
moving,0.0019335,0.0441942,5.65685,315,535.9171071
blank,0.00273438,0.0625,4,0,538.9909155
stationary,0.00273438,0.0625,4,0,539.9921502
moving,0.00273438,0.0625,4,0,540.9952894
blank,0.00108388,0.0247745,10.091,180,544.0890747
stationary,0.00108388,0.0247745,10.091,180,545.0899626
moving,0.00108388,0.0247745,10.091,180,546.0953495
blank,0.00108388,0.0247745,10.091,135,549.1917766
stationary,0.00108388,0.0247745,10.091,135,550.1927045
moving,0.00108388,0.0247745,10.091,135,551.1938799
blank,0.00546875,0.125,2,45,554.2671445
stationary,0.00546875,0.125,2,45,555.2682313
moving,0.00546875,0.125,2,45,556.2735099
blank,0.0109375,0.25,1,45,559.3319034
stationary,0.0109375,0.25,1,45,560.333337
moving,0.0109375,0.25,1,45,561.3344503
blank,0.000683594,0.015625,16,0,564.4522749
stationary,0.000683594,0.015625,16,0,565.4536782
moving,0.000683594,0.015625,16,0,566.4549788
blank,0.00108388,0.0247745,10.091,45,569.5589289
stationary,0.00108388,0.0247745,10.091,45,570.5599993
moving,0.00108388,0.0247745,10.091,45,571.5610981
blank,0.0109375,0.25,1,270,574.6219513
stationary,0.0109375,0.25,1,270,575.6230432
moving,0.0109375,0.25,1,270,576.6240503
blank,0.00386699,0.0883883,2.82843,45,579.6974884
stationary,0.00386699,0.0883883,2.82843,45,580.6985983
moving,0.00386699,0.0883883,2.82843,45,581.6997063
blank,0.00773398,0.176777,1.41421,180,584.7575413
stationary,0.00773398,0.176777,1.41421,180,585.7586041
moving,0.00773398,0.176777,1.41421,180,586.7597124
blank,0.00086227,0.019709,12.6845,135,589.8539696
stationary,0.00086227,0.019709,12.6845,135,590.8549912
moving,0.00086227,0.019709,12.6845,135,591.8561952
blank,0.0109375,0.25,1,315,594.9322413
stationary,0.0109375,0.25,1,315,595.9331712
moving,0.0109375,0.25,1,315,596.9380566
blank,0.00273438,0.0625,4,180,599.999193
stationary,0.00273438,0.0625,4,180,601.0005859
moving,0.00273438,0.0625,4,180,602.0018806
blank,0.00546875,0.125,2,0,605.0663506
stationary,0.00546875,0.125,2,0,606.0674919
moving,0.00546875,0.125,2,0,607.0686074
blank,0.00136719,0.03125,8,45,610.165023
stationary,0.00136719,0.03125,8,45,611.166143
moving,0.00136719,0.03125,8,45,612.1672576
blank,0.0019335,0.0441942,5.65685,225,615.2449268
stationary,0.0019335,0.0441942,5.65685,225,616.2480691
moving,0.0019335,0.0441942,5.65685,225,617.2513916
blank,0.00086227,0.019709,12.6845,90,620.3500872
stationary,0.00086227,0.019709,12.6845,90,621.3516151
moving,0.00086227,0.019709,12.6845,90,622.3546397
blank,0.00773398,0.176777,1.41421,135,625.4161642
stationary,0.00773398,0.176777,1.41421,135,626.417517
moving,0.00773398,0.176777,1.41421,135,627.4232723
blank,0.00773398,0.176777,1.41421,90,630.477276
stationary,0.00773398,0.176777,1.41421,90,631.4783686
moving,0.00773398,0.176777,1.41421,90,632.4822295
blank,0.00136719,0.03125,8,225,635.568537
stationary,0.00136719,0.03125,8,225,636.5694432
moving,0.00136719,0.03125,8,225,637.5707485
blank,0.0019335,0.0441942,5.65685,180,640.6456499
stationary,0.0019335,0.0441942,5.65685,180,641.6466102
moving,0.0019335,0.0441942,5.65685,180,642.6478886
blank,0.00108388,0.0247745,10.091,315,645.7455638
stationary,0.00108388,0.0247745,10.091,315,646.7464824
moving,0.00108388,0.0247745,10.091,315,647.7477501
blank,0.00546875,0.125,2,135,650.8135222
stationary,0.00546875,0.125,2,135,651.8146458
moving,0.00546875,0.125,2,135,652.8161252
blank,0.0109375,0.25,1,180,655.8711242
stationary,0.0109375,0.25,1,180,656.8721111
moving,0.0109375,0.25,1,180,657.8736293
blank,0.00136719,0.03125,8,90,660.9512472
stationary,0.00136719,0.03125,8,90,661.952357
moving,0.00136719,0.03125,8,90,662.9535004
blank,0.00773398,0.176777,1.41421,270,666.0108222
stationary,0.00773398,0.176777,1.41421,270,667.0119166
moving,0.00773398,0.176777,1.41421,270,668.0128297
blank,0.000683594,0.015625,16,315,671.1323494
stationary,0.000683594,0.015625,16,315,672.133373
moving,0.000683594,0.015625,16,315,673.1357482
blank,0.00386699,0.0883883,2.82843,135,676.2096166
stationary,0.00386699,0.0883883,2.82843,135,677.210779
moving,0.00386699,0.0883883,2.82843,135,678.2117858
blank,0.00136719,0.03125,8,270,681.2891318
stationary,0.00136719,0.03125,8,270,682.2915896
moving,0.00136719,0.03125,8,270,683.296868
blank,0.00136719,0.03125,8,180,686.3821514
stationary,0.00136719,0.03125,8,180,687.3835728
moving,0.00136719,0.03125,8,180,688.3847923
blank,0.000683594,0.015625,16,180,691.5089733
stationary,0.000683594,0.015625,16,180,692.5100582
moving,0.000683594,0.015625,16,180,693.5130219
blank,0.00273438,0.0625,4,270,696.5751553
stationary,0.00273438,0.0625,4,270,697.5761192
moving,0.00273438,0.0625,4,270,698.5796982
blank,0.0109375,0.25,1,135,701.6332415
stationary,0.0109375,0.25,1,135,702.6344018
moving,0.0109375,0.25,1,135,703.6354929
blank,0.00546875,0.125,2,225,706.6936105
stationary,0.00546875,0.125,2,225,707.6945177
moving,0.00546875,0.125,2,225,708.6978774
blank,0.00273438,0.0625,4,315,711.7742006
stationary,0.00273438,0.0625,4,315,712.7753044
moving,0.00273438,0.0625,4,315,713.7801379
blank,0.00136719,0.03125,8,315,716.8657936
stationary,0.00136719,0.03125,8,315,717.8666423
moving,0.00136719,0.03125,8,315,718.8684479
blank,0.000683594,0.015625,16,225,721.9932617
stationary,0.000683594,0.015625,16,225,722.9943424
moving,0.000683594,0.015625,16,225,723.9970885
blank,0.00136719,0.03125,8,135,727.0816952
stationary,0.00136719,0.03125,8,135,728.0826317
moving,0.00136719,0.03125,8,135,729.0842604
blank,0.00086227,0.019709,12.6845,315,732.2013647
stationary,0.00086227,0.019709,12.6845,315,733.2087042
moving,0.00086227,0.019709,12.6845,315,734.2098447
blank,0.00108388,0.0247745,10.091,90,737.3059916
stationary,0.00108388,0.0247745,10.091,90,738.3071315
moving,0.00108388,0.0247745,10.091,90,739.3104056
blank,0.00386699,0.0883883,2.82843,90,742.371075
stationary,0.00386699,0.0883883,2.82843,90,743.3732152
moving,0.00386699,0.0883883,2.82843,90,744.376293
blank,0.00546875,0.125,2,180,747.4337163
stationary,0.00546875,0.125,2,180,748.4346455
moving,0.00546875,0.125,2,180,749.4359421
blank,0.00086227,0.019709,12.6845,180,752.533624
stationary,0.00086227,0.019709,12.6845,180,753.5349187
moving,0.00086227,0.019709,12.6845,180,754.5362057
blank,0.00086227,0.019709,12.6845,270,757.6298271
stationary,0.00086227,0.019709,12.6845,270,758.6306925
moving,0.00086227,0.019709,12.6845,270,759.6328381
blank,0.00386699,0.0883883,2.82843,225,762.7059673
stationary,0.00386699,0.0883883,2.82843,225,763.7067428
moving,0.00386699,0.0883883,2.82843,225,764.7080275
blank,0.000683594,0.015625,16,135,767.8247428
stationary,0.000683594,0.015625,16,135,768.8263086
moving,0.000683594,0.015625,16,135,769.8301294
blank,0.00546875,0.125,2,315,772.9008967
stationary,0.00546875,0.125,2,315,773.9017042
moving,0.00546875,0.125,2,315,774.9030721
blank,0.00273438,0.0625,4,225,777.9767322
stationary,0.00273438,0.0625,4,225,778.9775905
moving,0.00273438,0.0625,4,225,779.9811485
blank,0.00136719,0.03125,8,0,783.0768194
stationary,0.00136719,0.03125,8,0,784.0777839
moving,0.00136719,0.03125,8,0,785.0789309
blank,0.0109375,0.25,1,0,788.1384529
stationary,0.0109375,0.25,1,0,789.1395177
moving,0.0109375,0.25,1,0,790.1407593
blank,0.00546875,0.125,2,90,793.1964738
stationary,0.00546875,0.125,2,90,794.1973181
moving,0.00546875,0.125,2,90,795.1985334
blank,0.00108388,0.0247745,10.091,270,798.2768091
stationary,0.00108388,0.0247745,10.091,270,799.2777407
moving,0.00108388,0.0247745,10.091,270,800.2806447
blank,0.00386699,0.0883883,2.82843,315,803.3537423
stationary,0.00386699,0.0883883,2.82843,315,804.3545845
moving,0.00386699,0.0883883,2.82843,315,805.357884
blank,0.00273438,0.0625,4,45,808.4347464
stationary,0.00273438,0.0625,4,45,809.4357025
moving,0.00273438,0.0625,4,45,810.4369991
blank,0.0019335,0.0441942,5.65685,135,813.5083001
stationary,0.0019335,0.0441942,5.65685,135,814.5092164
moving,0.0019335,0.0441942,5.65685,135,815.5103813
blank,0.00773398,0.176777,1.41421,0,818.5681973
stationary,0.00773398,0.176777,1.41421,0,819.5690653
moving,0.00773398,0.176777,1.41421,0,820.572786
blank,0.000683594,0.015625,16,90,823.6840043
stationary,0.000683594,0.015625,16,90,824.6848851
moving,0.000683594,0.015625,16,90,825.6887879
blank,0.00273438,0.0625,4,135,828.7625629
stationary,0.00273438,0.0625,4,135,829.7635985
moving,0.00273438,0.0625,4,135,830.7667656
blank,0.00773398,0.176777,1.41421,225,833.8264664
stationary,0.00773398,0.176777,1.41421,225,834.827324
moving,0.00773398,0.176777,1.41421,225,835.8284998
blank,0.00386699,0.0883883,2.82843,0,838.8946987
stationary,0.00386699,0.0883883,2.82843,0,839.8957618
moving,0.00386699,0.0883883,2.82843,0,840.8969226
blank,0.00386699,0.0883883,2.82843,180,843.9599104
stationary,0.00386699,0.0883883,2.82843,180,844.9607653
moving,0.00386699,0.0883883,2.82843,180,845.9655369
blank,0.00773398,0.176777,1.41421,45,849.0255771
stationary,0.00773398,0.176777,1.41421,45,850.0267806
moving,0.00773398,0.176777,1.41421,45,851.0299367
blank,0.0019335,0.0441942,5.65685,0,854.107092
stationary,0.0019335,0.0441942,5.65685,0,855.1082117
moving,0.0019335,0.0441942,5.65685,0,856.1093695
blank,0.0109375,0.25,1,225,859.1708989
stationary,0.0109375,0.25,1,225,860.1719798
moving,0.0109375,0.25,1,225,861.1736698
blank,0.00273438,0.0625,4,90,864.2417841
stationary,0.00273438,0.0625,4,90,865.2439682
moving,0.00273438,0.0625,4,90,866.2473151
blank,0.00773398,0.176777,1.41421,315,869.307234
stationary,0.00773398,0.176777,1.41421,315,870.3082688
moving,0.00773398,0.176777,1.41421,315,871.3094158
blank,0.000683594,0.015625,16,270,874.4115569
stationary,0.000683594,0.015625,16,270,875.414442
moving,0.000683594,0.015625,16,270,876.4172373
blank,0.0019335,0.0441942,5.65685,90,879.4946858
stationary,0.0019335,0.0441942,5.65685,90,880.4955947
moving,0.0019335,0.0441942,5.65685,90,881.5003473
blank,0.00086227,0.019709,12.6845,45,884.6150587
stationary,0.00086227,0.019709,12.6845,45,885.6161793
moving,0.00086227,0.019709,12.6845,45,886.6193621
blank,0.0019335,0.0441942,5.65685,45,889.7030734
stationary,0.0019335,0.0441942,5.65685,45,890.7041151
moving,0.0019335,0.0441942,5.65685,45,891.7052912
blank,0.00086227,0.019709,12.6845,225,894.8100274
stationary,0.00086227,0.019709,12.6845,225,895.811188
moving,0.00086227,0.019709,12.6845,225,896.8128383
blank,0.0109375,0.25,1,90,899.8693325
stationary,0.0109375,0.25,1,90,900.8709385
moving,0.0109375,0.25,1,90,901.8763042
blank,0.00386699,0.0883883,2.82843,270,904.93315
stationary,0.00386699,0.0883883,2.82843,270,905.9342831
moving,0.00386699,0.0883883,2.82843,270,906.935323
blank,0.00546875,0.125,2,270,909.987599
stationary,0.00546875,0.125,2,270,910.988715
moving,0.00546875,0.125,2,270,911.9898822
blank,0.00108388,0.0247745,10.091,225,915.0835363
stationary,0.00108388,0.0247745,10.091,225,916.0846662
moving,0.00108388,0.0247745,10.091,225,917.0858022
blank,0.0019335,0.0441942,5.65685,270,920.1588304
stationary,0.0019335,0.0441942,5.65685,270,921.159735
moving,0.0019335,0.0441942,5.65685,270,922.1608957
blank,0.00086227,0.019709,12.6845,0,925.2591744
stationary,0.00086227,0.019709,12.6845,0,926.260752
moving,0.00086227,0.019709,12.6845,0,927.2618317
blank,0.000683594,0.015625,16,45,930.3965357
stationary,0.000683594,0.015625,16,45,931.3974988
moving,0.000683594,0.015625,16,45,932.3988131
blank,0.00108388,0.0247745,10.091,0,935.4937056
stationary,0.00108388,0.0247745,10.091,0,936.4945912
moving,0.00108388,0.0247745,10.091,0,937.4958774
blank,0.0019335,0.0441942,5.65685,315,940.5710599
stationary,0.0019335,0.0441942,5.65685,315,941.5718401
moving,0.0019335,0.0441942,5.65685,315,942.5750684
blank,0.00273438,0.0625,4,0,945.651242
stationary,0.00273438,0.0625,4,0,946.6522352
moving,0.00273438,0.0625,4,0,947.6535417
blank,0.00108388,0.0247745,10.091,180,950.7450732
stationary,0.00108388,0.0247745,10.091,180,951.7462162
moving,0.00108388,0.0247745,10.091,180,952.7480502
blank,0.00108388,0.0247745,10.091,135,955.8493522
stationary,0.00108388,0.0247745,10.091,135,956.8568655
moving,0.00108388,0.0247745,10.091,135,957.858007
blank,0.00546875,0.125,2,45,960.9311976
stationary,0.00546875,0.125,2,45,961.9321669
moving,0.00546875,0.125,2,45,962.9354526
blank,0.0109375,0.25,1,45,965.9912293
stationary,0.0109375,0.25,1,45,966.9923385
moving,0.0109375,0.25,1,45,967.9933606
blank,0.000683594,0.015625,16,0,971.1107115
stationary,0.000683594,0.015625,16,0,972.1118771
moving,0.000683594,0.015625,16,0,973.1138651
blank,0.00108388,0.0247745,10.091,45,976.2164208
stationary,0.00108388,0.0247745,10.091,45,977.2177839
moving,0.00108388,0.0247745,10.091,45,978.2224014
blank,0.0109375,0.25,1,270,981.2721371
stationary,0.0109375,0.25,1,270,982.2733656
moving,0.0109375,0.25,1,270,983.2768513
blank,0.00386699,0.0883883,2.82843,45,986.3452911
stationary,0.00386699,0.0883883,2.82843,45,987.3463557
moving,0.00386699,0.0883883,2.82843,45,988.3474552
blank,0.00773398,0.176777,1.41421,180,991.4077203
stationary,0.00773398,0.176777,1.41421,180,992.4087913
moving,0.00773398,0.176777,1.41421,180,993.4098965
blank,0.00086227,0.019709,12.6845,135,996.5055634
stationary,0.00086227,0.019709,12.6845,135,997.5067054
moving,0.00086227,0.019709,12.6845,135,998.5083598
blank,0.0109375,0.25,1,315,1001.5723374
stationary,0.0109375,0.25,1,315,1002.5731455
moving,0.0109375,0.25,1,315,1003.5742431
blank,0.00273438,0.0625,4,180,1006.6338203
stationary,0.00273438,0.0625,4,180,1007.6348711
moving,0.00273438,0.0625,4,180,1008.6360488
blank,0.00546875,0.125,2,0,1011.6997052
stationary,0.00546875,0.125,2,0,1012.7007642
moving,0.00546875,0.125,2,0,1013.7018888
blank,0.00136719,0.03125,8,45,1016.7955056
stationary,0.00136719,0.03125,8,45,1017.7965556
moving,0.00136719,0.03125,8,45,1018.7976831
blank,0.0019335,0.0441942,5.65685,225,1021.8746827
stationary,0.0019335,0.0441942,5.65685,225,1022.8757303
moving,0.0019335,0.0441942,5.65685,225,1023.8769526
blank,0.00086227,0.019709,12.6845,90,1026.9777673
stationary,0.00086227,0.019709,12.6845,90,1027.9788371
moving,0.00086227,0.019709,12.6845,90,1028.9819418
blank,0.00773398,0.176777,1.41421,135,1032.0423286
stationary,0.00773398,0.176777,1.41421,135,1033.0432561
moving,0.00773398,0.176777,1.41421,135,1034.0443987
blank,0.00773398,0.176777,1.41421,90,1037.1007765
stationary,0.00773398,0.176777,1.41421,90,1038.1016661
moving,0.00773398,0.176777,1.41421,90,1039.1027704
blank,0.00136719,0.03125,8,225,1042.1860095
stationary,0.00136719,0.03125,8,225,1043.1871546
moving,0.00136719,0.03125,8,225,1044.1882637
blank,0.0019335,0.0441942,5.65685,180,1047.2617049
stationary,0.0019335,0.0441942,5.65685,180,1048.262819
moving,0.0019335,0.0441942,5.65685,180,1049.2639457
blank,0.00108388,0.0247745,10.091,315,1052.3553417
stationary,0.00108388,0.0247745,10.091,315,1053.356196
moving,0.00108388,0.0247745,10.091,315,1054.3593007
blank,0.00546875,0.125,2,135,1057.4235463
stationary,0.00546875,0.125,2,135,1058.4255054
moving,0.00546875,0.125,2,135,1059.4265936
blank,0.0109375,0.25,1,180,1062.476638
stationary,0.0109375,0.25,1,180,1063.4774898
moving,0.0109375,0.25,1,180,1064.4801497
blank,0.00136719,0.03125,8,90,1067.5600622
stationary,0.00136719,0.03125,8,90,1068.5611742
moving,0.00136719,0.03125,8,90,1069.5622832
blank,0.00773398,0.176777,1.41421,270,1072.6163493
stationary,0.00773398,0.176777,1.41421,270,1073.6174972
moving,0.00773398,0.176777,1.41421,270,1074.6185218
blank,0.000683594,0.015625,16,315,1077.7341382
stationary,0.000683594,0.015625,16,315,1078.7354538
moving,0.000683594,0.015625,16,315,1079.7388101
blank,0.00386699,0.0883883,2.82843,135,1082.8158981
stationary,0.00386699,0.0883883,2.82843,135,1083.8170358
moving,0.00386699,0.0883883,2.82843,135,1084.8200465
blank,0.00136719,0.03125,8,270,1087.8937227
stationary,0.00136719,0.03125,8,270,1088.8956526
moving,0.00136719,0.03125,8,270,1089.8987307
blank,0.00136719,0.03125,8,180,1092.9866779
stationary,0.00136719,0.03125,8,180,1093.9945478
moving,0.00136719,0.03125,8,180,1094.997573
blank,0.000683594,0.015625,16,180,1098.1191742
stationary,0.000683594,0.015625,16,180,1099.1202421
moving,0.000683594,0.015625,16,180,1100.1218881
blank,0.00273438,0.0625,4,270,1103.1828213
stationary,0.00273438,0.0625,4,270,1104.1836948
moving,0.00273438,0.0625,4,270,1105.1848789
blank,0.0109375,0.25,1,135,1108.2397094
stationary,0.0109375,0.25,1,135,1109.2405272
moving,0.0109375,0.25,1,135,1110.2416282
blank,0.00546875,0.125,2,225,1113.2997479
stationary,0.00546875,0.125,2,225,1114.3006585
moving,0.00546875,0.125,2,225,1115.3019093
blank,0.00273438,0.0625,4,315,1118.3770211
stationary,0.00273438,0.0625,4,315,1119.3779364
moving,0.00273438,0.0625,4,315,1120.3791428
blank,0.00136719,0.03125,8,315,1123.4703573
stationary,0.00136719,0.03125,8,315,1124.4711703
moving,0.00136719,0.03125,8,315,1125.4729052
blank,0.000683594,0.015625,16,225,1128.5937923
stationary,0.000683594,0.015625,16,225,1129.5946249
moving,0.000683594,0.015625,16,225,1130.595907
blank,0.00136719,0.03125,8,135,1133.6850968
stationary,0.00136719,0.03125,8,135,1134.6861821
moving,0.00136719,0.03125,8,135,1135.6872953
blank,0.00086227,0.019709,12.6845,315,1138.8026254
stationary,0.00086227,0.019709,12.6845,315,1139.8035243
moving,0.00086227,0.019709,12.6845,315,1140.8065914
blank,0.00108388,0.0247745,10.091,90,1143.9064236
stationary,0.00108388,0.0247745,10.091,90,1144.9077833
moving,0.00108388,0.0247745,10.091,90,1145.9090682
blank,0.00386699,0.0883883,2.82843,90,1148.9726432
stationary,0.00386699,0.0883883,2.82843,90,1149.9738252
moving,0.00386699,0.0883883,2.82843,90,1150.974879
blank,0.00546875,0.125,2,180,1154.032182
stationary,0.00546875,0.125,2,180,1155.0332268
moving,0.00546875,0.125,2,180,1156.0343774
blank,0.00086227,0.019709,12.6845,180,1159.133118
stationary,0.00086227,0.019709,12.6845,180,1160.1341748
moving,0.00086227,0.019709,12.6845,180,1161.1374453
blank,0.00086227,0.019709,12.6845,270,1164.2320223
stationary,0.00086227,0.019709,12.6845,270,1165.2329916
moving,0.00086227,0.019709,12.6845,270,1166.2341738
blank,0.00386699,0.0883883,2.82843,225,1169.3074763
stationary,0.00386699,0.0883883,2.82843,225,1170.3086763
moving,0.00386699,0.0883883,2.82843,225,1171.3097037
blank,0.000683594,0.015625,16,135,1174.4261894
stationary,0.000683594,0.015625,16,135,1175.4271635
moving,0.000683594,0.015625,16,135,1176.4283161
blank,0.00546875,0.125,2,315,1179.5013736
stationary,0.00546875,0.125,2,315,1180.5023109
moving,0.00546875,0.125,2,315,1181.5047454
blank,0.00273438,0.0625,4,225,1184.5788272
stationary,0.00273438,0.0625,4,225,1185.5796557
moving,0.00273438,0.0625,4,225,1186.5809803
blank,0.00136719,0.03125,8,0,1189.6606717
stationary,0.00136719,0.03125,8,0,1190.6617289
moving,0.00136719,0.03125,8,0,1191.662828
blank,0.0109375,0.25,1,0,1194.7194953
stationary,0.0109375,0.25,1,0,1195.720599
moving,0.0109375,0.25,1,0,1196.7248752
blank,0.00546875,0.125,2,90,1199.78142
stationary,0.00546875,0.125,2,90,1200.782519
moving,0.00546875,0.125,2,90,1201.7835461
blank,0.00108388,0.0247745,10.091,270,1204.8594932
stationary,0.00108388,0.0247745,10.091,270,1205.8605568
moving,0.00108388,0.0247745,10.091,270,1206.8617296
blank,0.00386699,0.0883883,2.82843,315,1209.9397276
stationary,0.00386699,0.0883883,2.82843,315,1210.9405874
moving,0.00386699,0.0883883,2.82843,315,1211.9435849
blank,0.00273438,0.0625,4,45,1215.0212787
stationary,0.00273438,0.0625,4,45,1216.0224048
moving,0.00273438,0.0625,4,45,1217.028207
blank,0.0019335,0.0441942,5.65685,135,1220.0987231
stationary,0.0019335,0.0441942,5.65685,135,1221.0997063
moving,0.0019335,0.0441942,5.65685,135,1222.1032939
blank,0.00773398,0.176777,1.41421,0,1225.1677328
stationary,0.00773398,0.176777,1.41421,0,1226.168619
moving,0.00773398,0.176777,1.41421,0,1227.1721334
blank,0.000683594,0.015625,16,90,1230.2905932
stationary,0.000683594,0.015625,16,90,1231.291575
moving,0.000683594,0.015625,16,90,1232.2927494
blank,0.00273438,0.0625,4,135,1235.3656694
stationary,0.00273438,0.0625,4,135,1236.3668558
moving,0.00273438,0.0625,4,135,1237.3678626
blank,0.00773398,0.176777,1.41421,225,1240.4270806
stationary,0.00773398,0.176777,1.41421,225,1241.4280812
moving,0.00773398,0.176777,1.41421,225,1242.4314013
blank,0.00386699,0.0883883,2.82843,0,1245.4974449
stationary,0.00386699,0.0883883,2.82843,0,1246.5047744
moving,0.00386699,0.0883883,2.82843,0,1247.5102088
blank,0.00386699,0.0883883,2.82843,180,1250.5702171
stationary,0.00386699,0.0883883,2.82843,180,1251.5711553
moving,0.00386699,0.0883883,2.82843,180,1252.5734105
blank,0.00773398,0.176777,1.41421,45,1255.6335067
stationary,0.00773398,0.176777,1.41421,45,1256.6344531
moving,0.00773398,0.176777,1.41421,45,1257.6369191
blank,0.0019335,0.0441942,5.65685,0,1260.7113993
stationary,0.0019335,0.0441942,5.65685,0,1261.7123712
moving,0.0019335,0.0441942,5.65685,0,1262.7136687
blank,0.0109375,0.25,1,225,1265.7732109
stationary,0.0109375,0.25,1,225,1266.7740726
moving,0.0109375,0.25,1,225,1267.7752966
blank,0.00273438,0.0625,4,90,1270.843398
stationary,0.00273438,0.0625,4,90,1271.8444794
moving,0.00273438,0.0625,4,90,1272.8467957
blank,0.00773398,0.176777,1.41421,315,1275.9057836
stationary,0.00773398,0.176777,1.41421,315,1276.906549
moving,0.00773398,0.176777,1.41421,315,1277.9076752
blank,0.000683594,0.015625,16,270,1281.0027802
stationary,0.000683594,0.015625,16,270,1282.0041781
moving,0.000683594,0.015625,16,270,1283.0054795
blank,0.0019335,0.0441942,5.65685,90,1286.0879884
stationary,0.0019335,0.0441942,5.65685,90,1287.0879863
moving,0.0019335,0.0441942,5.65685,90,1288.0890056
blank,0.00086227,0.019709,12.6845,45,1291.2051158
stationary,0.00086227,0.019709,12.6845,45,1292.2060805
moving,0.00086227,0.019709,12.6845,45,1293.2074023
blank,0.0019335,0.0441942,5.65685,45,1296.2932928
stationary,0.0019335,0.0441942,5.65685,45,1297.2944489
moving,0.0019335,0.0441942,5.65685,45,1298.2996179
blank,0.00086227,0.019709,12.6845,225,1301.4011703
stationary,0.00086227,0.019709,12.6845,225,1302.4019414
moving,0.00086227,0.019709,12.6845,225,1303.4032281
blank,0.0109375,0.25,1,90,1306.4634074
stationary,0.0109375,0.25,1,90,1307.4644929
moving,0.0109375,0.25,1,90,1308.4685669
blank,0.00386699,0.0883883,2.82843,270,1311.5259429
stationary,0.00386699,0.0883883,2.82843,270,1312.5269793
moving,0.00386699,0.0883883,2.82843,270,1313.5280245
blank,0.00546875,0.125,2,270,1316.5805468
stationary,0.00546875,0.125,2,270,1317.581574
moving,0.00546875,0.125,2,270,1318.5826724
blank,0.00108388,0.0247745,10.091,225,1321.6763147
stationary,0.00108388,0.0247745,10.091,225,1322.6774197
moving,0.00108388,0.0247745,10.091,225,1323.6785451
blank,0.0019335,0.0441942,5.65685,270,1326.7515058
stationary,0.0019335,0.0441942,5.65685,270,1327.7524582
moving,0.0019335,0.0441942,5.65685,270,1328.7555074
blank,0.00086227,0.019709,12.6845,0,1331.854327
stationary,0.00086227,0.019709,12.6845,0,1332.855151
moving,0.00086227,0.019709,12.6845,0,1333.8565199
blank,0.000683594,0.015625,16,45,1336.9826592
stationary,0.000683594,0.015625,16,45,1337.9836921
moving,0.000683594,0.015625,16,45,1338.9848482
blank,0.00108388,0.0247745,10.091,0,1342.081862
stationary,0.00108388,0.0247745,10.091,0,1343.08281
moving,0.00108388,0.0247745,10.091,0,1344.0840029
blank,0.0019335,0.0441942,5.65685,315,1347.1661864
stationary,0.0019335,0.0441942,5.65685,315,1348.174067
moving,0.0019335,0.0441942,5.65685,315,1349.1751424
blank,0.00273438,0.0625,4,0,1352.2498905
stationary,0.00273438,0.0625,4,0,1353.2509673
moving,0.00273438,0.0625,4,0,1354.2540151
blank,0.00108388,0.0247745,10.091,180,1357.3476649
stationary,0.00108388,0.0247745,10.091,180,1358.3487112
moving,0.00108388,0.0247745,10.091,180,1359.3542208
blank,0.00108388,0.0247745,10.091,135,1362.4495388
stationary,0.00108388,0.0247745,10.091,135,1363.4505516
moving,0.00108388,0.0247745,10.091,135,1364.4516838
blank,0.00546875,0.125,2,45,1367.5247716
stationary,0.00546875,0.125,2,45,1368.5258131
moving,0.00546875,0.125,2,45,1369.5268583
blank,0.0109375,0.25,1,45,1372.5892957
stationary,0.0109375,0.25,1,45,1373.5903619
moving,0.0109375,0.25,1,45,1374.5913969
blank,0.000683594,0.015625,16,0,1377.7131428
stationary,0.000683594,0.015625,16,0,1378.7141414
moving,0.000683594,0.015625,16,0,1379.7154223
blank,0.00108388,0.0247745,10.091,45,1382.814656
stationary,0.00108388,0.0247745,10.091,45,1383.8162367
moving,0.00108388,0.0247745,10.091,45,1384.8185126
blank,0.0109375,0.25,1,270,1387.8723885
stationary,0.0109375,0.25,1,270,1388.8734758
moving,0.0109375,0.25,1,270,1389.8745014
blank,0.00386699,0.0883883,2.82843,45,1392.9391692
stationary,0.00386699,0.0883883,2.82843,45,1393.940314
moving,0.00386699,0.0883883,2.82843,45,1394.9433749
blank,0.00773398,0.176777,1.41421,180,1397.9938155
stationary,0.00773398,0.176777,1.41421,180,1398.9948073
moving,0.00773398,0.176777,1.41421,180,1399.9979461
blank,0.00086227,0.019709,12.6845,135,1403.0983502
stationary,0.00086227,0.019709,12.6845,135,1404.0994787
moving,0.00086227,0.019709,12.6845,135,1405.1025484
blank,0.0109375,0.25,1,315,1408.1687789
stationary,0.0109375,0.25,1,315,1409.1697272
moving,0.0109375,0.25,1,315,1410.1735655
blank,0.00273438,0.0625,4,180,1413.2402575
stationary,0.00273438,0.0625,4,180,1414.2410044
moving,0.00273438,0.0625,4,180,1415.2424038
blank,0.00546875,0.125,2,0,1418.3033721
stationary,0.00546875,0.125,2,0,1419.3042827
moving,0.00546875,0.125,2,0,1420.3055756
blank,0.00136719,0.03125,8,45,1423.4018354
stationary,0.00136719,0.03125,8,45,1424.4028947
moving,0.00136719,0.03125,8,45,1425.4042998
blank,0.0019335,0.0441942,5.65685,225,1428.4795145
stationary,0.0019335,0.0441942,5.65685,225,1429.4803925
moving,0.0019335,0.0441942,5.65685,225,1430.4838606
blank,0.00086227,0.019709,12.6845,90,1433.5857833
stationary,0.00086227,0.019709,12.6845,90,1434.5868636
moving,0.00086227,0.019709,12.6845,90,1435.5880027
blank,0.00773398,0.176777,1.41421,135,1438.6461552
stationary,0.00773398,0.176777,1.41421,135,1439.6472474
moving,0.00773398,0.176777,1.41421,135,1440.6482791
blank,0.00773398,0.176777,1.41421,90,1443.7050547
stationary,0.00773398,0.176777,1.41421,90,1444.7061476
moving,0.00773398,0.176777,1.41421,90,1445.7071814
blank,0.00136719,0.03125,8,225,1448.7878973
stationary,0.00136719,0.03125,8,225,1449.7891134
moving,0.00136719,0.03125,8,225,1450.7902643
blank,0.0019335,0.0441942,5.65685,180,1453.8660868
stationary,0.0019335,0.0441942,5.65685,180,1454.8669141
moving,0.0019335,0.0441942,5.65685,180,1455.8708062
blank,0.00108388,0.0247745,10.091,315,1458.9668202
stationary,0.00108388,0.0247745,10.091,315,1459.9676928
moving,0.00108388,0.0247745,10.091,315,1460.9729398
blank,0.00546875,0.125,2,135,1464.0356003
stationary,0.00546875,0.125,2,135,1465.0367187
moving,0.00546875,0.125,2,135,1466.037734
blank,0.0109375,0.25,1,180,1469.0925127
stationary,0.0109375,0.25,1,180,1470.0934732
moving,0.0109375,0.25,1,180,1471.0946148
blank,0.00136719,0.03125,8,90,1474.1758287
stationary,0.00136719,0.03125,8,90,1475.1769744
moving,0.00136719,0.03125,8,90,1476.1780721
blank,0.00773398,0.176777,1.41421,270,1479.2338933
stationary,0.00773398,0.176777,1.41421,270,1480.2348343
moving,0.00773398,0.176777,1.41421,270,1481.2358911
blank,0.000683594,0.015625,16,315,1484.3515241
stationary,0.000683594,0.015625,16,315,1485.3537748
moving,0.000683594,0.015625,16,315,1486.3549672
blank,0.00386699,0.0883883,2.82843,135,1489.4315628
stationary,0.00386699,0.0883883,2.82843,135,1490.4325631
moving,0.00386699,0.0883883,2.82843,135,1491.4391117
blank,0.00136719,0.03125,8,270,1494.5199666
stationary,0.00136719,0.03125,8,270,1495.5277645
moving,0.00136719,0.03125,8,270,1496.5308646
blank,0.00136719,0.03125,8,180,1499.6131729
stationary,0.00136719,0.03125,8,180,1500.6140173
moving,0.00136719,0.03125,8,180,1501.6171696
blank,0.000683594,0.015625,16,180,1504.7377368
stationary,0.000683594,0.015625,16,180,1505.7451891
moving,0.000683594,0.015625,16,180,1506.7484115
blank,0.00273438,0.0625,4,270,1509.8143886
stationary,0.00273438,0.0625,4,270,1510.8214789
moving,0.00273438,0.0625,4,270,1511.8225677
blank,0.0109375,0.25,1,135,1514.8788677
stationary,0.0109375,0.25,1,135,1515.8799823
moving,0.0109375,0.25,1,135,1516.8811054
blank,0.00546875,0.125,2,225,1519.9399536
stationary,0.00546875,0.125,2,225,1520.9410246
moving,0.00546875,0.125,2,225,1521.9422512
blank,0.00273438,0.0625,4,315,1525.0154075
stationary,0.00273438,0.0625,4,315,1526.0165224
moving,0.00273438,0.0625,4,315,1527.0194179
blank,0.00136719,0.03125,8,315,1530.1067701
stationary,0.00136719,0.03125,8,315,1531.1076772
moving,0.00136719,0.03125,8,315,1532.111086
blank,0.000683594,0.015625,16,225,1535.232493
stationary,0.000683594,0.015625,16,225,1536.2354854
moving,0.000683594,0.015625,16,225,1537.2400503
blank,0.00136719,0.03125,8,135,1540.3399076
stationary,0.00136719,0.03125,8,135,1541.340736
moving,0.00136719,0.03125,8,135,1542.3440298
blank,0.00086227,0.019709,12.6845,315,1545.4504254
stationary,0.00086227,0.019709,12.6845,315,1546.4514938
moving,0.00086227,0.019709,12.6845,315,1547.4548421
blank,0.00108388,0.0247745,10.091,90,1550.5509095
stationary,0.00108388,0.0247745,10.091,90,1551.5520366
moving,0.00108388,0.0247745,10.091,90,1552.5537535
blank,0.00386699,0.0883883,2.82843,90,1555.6175154
stationary,0.00386699,0.0883883,2.82843,90,1556.6183449
moving,0.00386699,0.0883883,2.82843,90,1557.6202992
blank,0.00546875,0.125,2,180,1560.6742293
stationary,0.00546875,0.125,2,180,1561.6751349
moving,0.00546875,0.125,2,180,1562.6764218
blank,0.00086227,0.019709,12.6845,180,1565.7932372
stationary,0.00086227,0.019709,12.6845,180,1566.7939396
moving,0.00086227,0.019709,12.6845,180,1567.7972132
blank,0.00086227,0.019709,12.6845,270,1570.8936228
stationary,0.00086227,0.019709,12.6845,270,1571.8946441
moving,0.00086227,0.019709,12.6845,270,1572.8959689
blank,0.00386699,0.0883883,2.82843,225,1575.9682288
stationary,0.00386699,0.0883883,2.82843,225,1576.968994
moving,0.00386699,0.0883883,2.82843,225,1577.970276
blank,0.000683594,0.015625,16,135,1581.0824024
stationary,0.000683594,0.015625,16,135,1582.0833742
moving,0.000683594,0.015625,16,135,1583.0845404
blank,0.00546875,0.125,2,315,1586.1581172
stationary,0.00546875,0.125,2,315,1587.159271
moving,0.00546875,0.125,2,315,1588.1603303
blank,0.00273438,0.0625,4,225,1591.234783
stationary,0.00273438,0.0625,4,225,1592.2358943
moving,0.00273438,0.0625,4,225,1593.2389824
blank,0.00136719,0.03125,8,0,1596.3244308
stationary,0.00136719,0.03125,8,0,1597.325403
moving,0.00136719,0.03125,8,0,1598.3266958
blank,0.0109375,0.25,1,0,1601.381711
stationary,0.0109375,0.25,1,0,1602.3831299
moving,0.0109375,0.25,1,0,1603.384363
blank,0.00546875,0.125,2,90,1606.4365365
stationary,0.00546875,0.125,2,90,1607.4374911
moving,0.00546875,0.125,2,90,1608.4414203
blank,0.00108388,0.0247745,10.091,270,1611.5221106
stationary,0.00108388,0.0247745,10.091,270,1612.5297816
moving,0.00108388,0.0247745,10.091,270,1613.5308739
blank,0.00386699,0.0883883,2.82843,315,1616.6063482
stationary,0.00386699,0.0883883,2.82843,315,1617.607504
moving,0.00386699,0.0883883,2.82843,315,1618.6111611
blank,0.00273438,0.0625,4,45,1621.6886659
stationary,0.00273438,0.0625,4,45,1622.6896612
moving,0.00273438,0.0625,4,45,1623.6952238
blank,0.0019335,0.0441942,5.65685,135,1626.7762552
stationary,0.0019335,0.0441942,5.65685,135,1627.7835575
moving,0.0019335,0.0441942,5.65685,135,1628.7864455
blank,0.00773398,0.176777,1.41421,0,1631.8486832
stationary,0.00773398,0.176777,1.41421,0,1632.8497109
moving,0.00773398,0.176777,1.41421,0,1633.8524563
blank,0.000683594,0.015625,16,90,1636.9595245
stationary,0.000683594,0.015625,16,90,1637.9606593
moving,0.000683594,0.015625,16,90,1638.9660009
blank,0.00273438,0.0625,4,135,1642.0431794
stationary,0.00273438,0.0625,4,135,1643.0441987
moving,0.00273438,0.0625,4,135,1644.0452507
blank,0.00773398,0.176777,1.41421,225,1647.1014999
stationary,0.00773398,0.176777,1.41421,225,1648.1024344
moving,0.00773398,0.176777,1.41421,225,1649.1036075
blank,0.00386699,0.0883883,2.82843,0,1652.1708905
stationary,0.00386699,0.0883883,2.82843,0,1653.1788938
moving,0.00386699,0.0883883,2.82843,0,1654.1801093
blank,0.00386699,0.0883883,2.82843,180,1657.2408022
stationary,0.00386699,0.0883883,2.82843,180,1658.2418272
moving,0.00386699,0.0883883,2.82843,180,1659.2430036
blank,0.00773398,0.176777,1.41421,45,1662.3033263
stationary,0.00773398,0.176777,1.41421,45,1663.3041424
moving,0.00773398,0.176777,1.41421,45,1664.3052709
blank,0.0019335,0.0441942,5.65685,0,1667.3784282
stationary,0.0019335,0.0441942,5.65685,0,1668.3794353
moving,0.0019335,0.0441942,5.65685,0,1669.3845935
blank,0.0109375,0.25,1,225,1672.4434079
stationary,0.0109375,0.25,1,225,1673.4443036
moving,0.0109375,0.25,1,225,1674.4469769
blank,0.00273438,0.0625,4,90,1677.511653
stationary,0.00273438,0.0625,4,90,1678.5127321
moving,0.00273438,0.0625,4,90,1679.5144562
blank,0.00773398,0.176777,1.41421,315,1682.578594
stationary,0.00773398,0.176777,1.41421,315,1683.5795174
moving,0.00773398,0.176777,1.41421,315,1684.5814906
blank,0.000683594,0.015625,16,270,1687.6805762
stationary,0.000683594,0.015625,16,270,1688.6817783
moving,0.000683594,0.015625,16,270,1689.6834484
blank,0.0019335,0.0441942,5.65685,90,1692.7613322
stationary,0.0019335,0.0441942,5.65685,90,1693.7691752
moving,0.0019335,0.0441942,5.65685,90,1694.7722478
blank,0.00086227,0.019709,12.6845,45,1697.8888881
stationary,0.00086227,0.019709,12.6845,45,1698.8896823
moving,0.00086227,0.019709,12.6845,45,1699.8911532
blank,0.0019335,0.0441942,5.65685,45,1702.9764345
stationary,0.0019335,0.0441942,5.65685,45,1703.9838384
moving,0.0019335,0.0441942,5.65685,45,1704.9851156
blank,0.00086227,0.019709,12.6845,225,1708.0830214
stationary,0.00086227,0.019709,12.6845,225,1709.0841443
moving,0.00086227,0.019709,12.6845,225,1710.0852776
blank,0.0109375,0.25,1,90,1713.1436137
stationary,0.0109375,0.25,1,90,1714.144661
moving,0.0109375,0.25,1,90,1715.1456262
blank,0.00386699,0.0883883,2.82843,270,1718.1951718
stationary,0.00386699,0.0883883,2.82843,270,1719.1966375
moving,0.00386699,0.0883883,2.82843,270,1720.1978177
blank,0.00546875,0.125,2,270,1723.2511936
stationary,0.00546875,0.125,2,270,1724.2522234
moving,0.00546875,0.125,2,270,1725.2532538
blank,0.00108388,0.0247745,10.091,225,1728.347665
stationary,0.00108388,0.0247745,10.091,225,1729.3487168
moving,0.00108388,0.0247745,10.091,225,1730.3500582
blank,0.0019335,0.0441942,5.65685,270,1733.4230932
stationary,0.0019335,0.0441942,5.65685,270,1734.4239816
moving,0.0019335,0.0441942,5.65685,270,1735.4270086
blank,0.00086227,0.019709,12.6845,0,1738.5327943
stationary,0.00086227,0.019709,12.6845,0,1739.5338694
moving,0.00086227,0.019709,12.6845,0,1740.5373077
blank,0.000683594,0.015625,16,45,1743.6741156
stationary,0.000683594,0.015625,16,45,1744.6749179
moving,0.000683594,0.015625,16,45,1745.6790604
blank,0.00108388,0.0247745,10.091,0,1748.7757581
stationary,0.00108388,0.0247745,10.091,0,1749.7766126
moving,0.00108388,0.0247745,10.091,0,1750.77955
blank,0.0019335,0.0441942,5.65685,315,1753.8597478
stationary,0.0019335,0.0441942,5.65685,315,1754.8605575
moving,0.0019335,0.0441942,5.65685,315,1755.8626781
blank,0.00273438,0.0625,4,0,1758.9360584
stationary,0.00273438,0.0625,4,0,1759.9369209
moving,0.00273438,0.0625,4,0,1760.9381827
blank,0.00108388,0.0247745,10.091,180,1764.0347384
stationary,0.00108388,0.0247745,10.091,180,1765.0357587
moving,0.00108388,0.0247745,10.091,180,1766.0396618
blank,0.00108388,0.0247745,10.091,135,1769.1303747
stationary,0.00108388,0.0247745,10.091,135,1770.1318111
moving,0.00108388,0.0247745,10.091,135,1771.1331219
blank,0.00546875,0.125,2,45,1774.1983378
stationary,0.00546875,0.125,2,45,1775.1993607
moving,0.00546875,0.125,2,45,1776.2023359
blank,0.0109375,0.25,1,45,1779.2694893
stationary,0.0109375,0.25,1,45,1780.2764798
moving,0.0109375,0.25,1,45,1781.2782601
blank,0.000683594,0.015625,16,0,1784.3954535
stationary,0.000683594,0.015625,16,0,1785.3968363
moving,0.000683594,0.015625,16,0,1786.3980149
blank,0.00108388,0.0247745,10.091,45,1789.495507
stationary,0.00108388,0.0247745,10.091,45,1790.4965619
moving,0.00108388,0.0247745,10.091,45,1791.4977281
blank,0.0109375,0.25,1,270,1794.5505133
stationary,0.0109375,0.25,1,270,1795.5516811
moving,0.0109375,0.25,1,270,1796.5527101
blank,0.00386699,0.0883883,2.82843,45,1799.6157003
stationary,0.00386699,0.0883883,2.82843,45,1800.6167487
moving,0.00386699,0.0883883,2.82843,45,1801.6178764
blank,0.00773398,0.176777,1.41421,180,1804.6743706
stationary,0.00773398,0.176777,1.41421,180,1805.6753187
moving,0.00773398,0.176777,1.41421,180,1806.67843
blank,0.00086227,0.019709,12.6845,135,1809.777389
stationary,0.00086227,0.019709,12.6845,135,1810.7795986
moving,0.00086227,0.019709,12.6845,135,1811.7809649
blank,0.0109375,0.25,1,315,1814.8429718
stationary,0.0109375,0.25,1,315,1815.8439399
moving,0.0109375,0.25,1,315,1816.8451024
blank,0.00273438,0.0625,4,180,1819.9086423
stationary,0.00273438,0.0625,4,180,1820.9096888
moving,0.00273438,0.0625,4,180,1821.9109624
blank,0.00546875,0.125,2,0,1824.9729569
stationary,0.00546875,0.125,2,0,1825.9739129
moving,0.00546875,0.125,2,0,1826.9751749
blank,0.00136719,0.03125,8,45,1830.0688262
stationary,0.00136719,0.03125,8,45,1831.0697848
moving,0.00136719,0.03125,8,45,1832.0709804
blank,0.0019335,0.0441942,5.65685,225,1835.1473152
stationary,0.0019335,0.0441942,5.65685,225,1836.1483088
moving,0.0019335,0.0441942,5.65685,225,1837.1515711
blank,0.00086227,0.019709,12.6845,90,1840.2485103
stationary,0.00086227,0.019709,12.6845,90,1841.2499471
moving,0.00086227,0.019709,12.6845,90,1842.2512617
blank,0.00773398,0.176777,1.41421,135,1845.310214
stationary,0.00773398,0.176777,1.41421,135,1846.3113648
moving,0.00773398,0.176777,1.41421,135,1847.3160922
blank,0.00773398,0.176777,1.41421,90,1850.3803762
stationary,0.00773398,0.176777,1.41421,90,1851.3813297
moving,0.00773398,0.176777,1.41421,90,1852.3852408
blank,0.00136719,0.03125,8,225,1855.4702629
stationary,0.00136719,0.03125,8,225,1856.4713398
moving,0.00136719,0.03125,8,225,1857.4724754
blank,0.0019335,0.0441942,5.65685,180,1860.54547
stationary,0.0019335,0.0441942,5.65685,180,1861.5463984
moving,0.0019335,0.0441942,5.65685,180,1862.5476808
blank,0.00108388,0.0247745,10.091,315,1865.6409381
stationary,0.00108388,0.0247745,10.091,315,1866.6423418
moving,0.00108388,0.0247745,10.091,315,1867.6446619
blank,0.00546875,0.125,2,135,1870.705393
stationary,0.00546875,0.125,2,135,1871.7064534
moving,0.00546875,0.125,2,135,1872.7115699
blank,0.0109375,0.25,1,180,1875.7661827
stationary,0.0109375,0.25,1,180,1876.7671621
moving,0.0109375,0.25,1,180,1877.7682659
blank,0.00136719,0.03125,8,90,1880.8480295
stationary,0.00136719,0.03125,8,90,1881.849135
moving,0.00136719,0.03125,8,90,1882.8502469
blank,0.00773398,0.176777,1.41421,270,1885.9048603
stationary,0.00773398,0.176777,1.41421,270,1886.9058114
moving,0.00773398,0.176777,1.41421,270,1887.9068526
blank,0.000683594,0.015625,16,315,1891.0286424
stationary,0.000683594,0.015625,16,315,1892.0295929
moving,0.000683594,0.015625,16,315,1893.030886
blank,0.00386699,0.0883883,2.82843,135,1896.1060965
stationary,0.00386699,0.0883883,2.82843,135,1897.107054
moving,0.00386699,0.0883883,2.82843,135,1898.1084102
blank,0.00136719,0.03125,8,270,1901.1845399
stationary,0.00136719,0.03125,8,270,1902.185622
moving,0.00136719,0.03125,8,270,1903.1906907
blank,0.00136719,0.03125,8,180,1906.2791801
stationary,0.00136719,0.03125,8,180,1907.2803285
moving,0.00136719,0.03125,8,180,1908.2814798
blank,0.000683594,0.015625,16,180,1911.4070205
stationary,0.000683594,0.015625,16,180,1912.4145188
moving,0.000683594,0.015625,16,180,1913.4156493
blank,0.00273438,0.0625,4,270,1916.4814199
stationary,0.00273438,0.0625,4,270,1917.4824673
moving,0.00273438,0.0625,4,270,1918.4835276
blank,0.0109375,0.25,1,135,1921.5378913
stationary,0.0109375,0.25,1,135,1922.5389267
moving,0.0109375,0.25,1,135,1923.5424726
blank,0.00546875,0.125,2,225,1926.5972637
stationary,0.00546875,0.125,2,225,1927.5986164
moving,0.00546875,0.125,2,225,1928.5998711
blank,0.00273438,0.0625,4,315,1931.6758488
stationary,0.00273438,0.0625,4,315,1932.6778439
moving,0.00273438,0.0625,4,315,1933.6811458
blank,0.00136719,0.03125,8,315,1936.7691269
stationary,0.00136719,0.03125,8,315,1937.7701938
moving,0.00136719,0.03125,8,315,1938.7716934
blank,0.000683594,0.015625,16,225,1941.8971745
stationary,0.000683594,0.015625,16,225,1942.9050063
moving,0.000683594,0.015625,16,225,1943.9061548
blank,0.00136719,0.03125,8,135,1946.9905812
stationary,0.00136719,0.03125,8,135,1947.9915755
moving,0.00136719,0.03125,8,135,1948.9927594
blank,0.00086227,0.019709,12.6845,315,1952.0974993
stationary,0.00086227,0.019709,12.6845,315,1953.0985048
moving,0.00086227,0.019709,12.6845,315,1954.0997893
blank,0.00108388,0.0247745,10.091,90,1957.1915028
stationary,0.00108388,0.0247745,10.091,90,1958.1922145
moving,0.00108388,0.0247745,10.091,90,1959.1950487
blank,0.00386699,0.0883883,2.82843,90,1962.257206
stationary,0.00386699,0.0883883,2.82843,90,1963.2582525
moving,0.00386699,0.0883883,2.82843,90,1964.2631661
blank,0.00546875,0.125,2,180,1967.3189571
stationary,0.00546875,0.125,2,180,1968.3200659
moving,0.00546875,0.125,2,180,1969.3212255
blank,0.00086227,0.019709,12.6845,180,1972.4168854
stationary,0.00086227,0.019709,12.6845,180,1973.4179575
moving,0.00086227,0.019709,12.6845,180,1974.4191049
blank,0.00086227,0.019709,12.6845,270,1977.5129687
stationary,0.00086227,0.019709,12.6845,270,1978.5139958
moving,0.00086227,0.019709,12.6845,270,1979.5153636
blank,0.00386699,0.0883883,2.82843,225,1982.5782732
stationary,0.00386699,0.0883883,2.82843,225,1983.5798714
moving,0.00386699,0.0883883,2.82843,225,1984.5809331
blank,0.000683594,0.015625,16,135,1987.6996975
stationary,0.000683594,0.015625,16,135,1988.7006307
moving,0.000683594,0.015625,16,135,1989.7028558
blank,0.00546875,0.125,2,315,1992.7763975
stationary,0.00546875,0.125,2,315,1993.7772071
moving,0.00546875,0.125,2,315,1994.7816606
blank,0.00273438,0.0625,4,225,1997.8549728
stationary,0.00273438,0.0625,4,225,1998.8556856
moving,0.00273438,0.0625,4,225,1999.8609328
blank,0.00136719,0.03125,8,0,2002.9493321
stationary,0.00136719,0.03125,8,0,2003.9505206
moving,0.00136719,0.03125,8,0,2004.9516471
blank,0.0109375,0.25,1,0,2008.0130978
stationary,0.0109375,0.25,1,0,2009.0145247
moving,0.0109375,0.25,1,0,2010.0157463
blank,0.00546875,0.125,2,90,2013.0713649
stationary,0.00546875,0.125,2,90,2014.0722084
moving,0.00546875,0.125,2,90,2015.0733381
blank,0.00108388,0.0247745,10.091,270,2018.1578919
stationary,0.00108388,0.0247745,10.091,270,2019.1661035
moving,0.00108388,0.0247745,10.091,270,2020.167471
blank,0.00386699,0.0883883,2.82843,315,2023.2405141
stationary,0.00386699,0.0883883,2.82843,315,2024.2414776
moving,0.00386699,0.0883883,2.82843,315,2025.2425355
blank,0.00273438,0.0625,4,45,2028.318628
stationary,0.00273438,0.0625,4,45,2029.3195589
moving,0.00273438,0.0625,4,45,2030.3207377
blank,0.0019335,0.0441942,5.65685,135,2033.3996827
stationary,0.0019335,0.0441942,5.65685,135,2034.4007917
moving,0.0019335,0.0441942,5.65685,135,2035.4026837
blank,0.00773398,0.176777,1.41421,0,2038.4641575
stationary,0.00773398,0.176777,1.41421,0,2039.4650038
moving,0.00773398,0.176777,1.41421,0,2040.4663278
blank,0.000683594,0.015625,16,90,2043.5779021
stationary,0.000683594,0.015625,16,90,2044.579983
moving,0.000683594,0.015625,16,90,2045.5857853
blank,0.00273438,0.0625,4,135,2048.6570404
stationary,0.00273438,0.0625,4,135,2049.65795
moving,0.00273438,0.0625,4,135,2050.6590395
blank,0.00773398,0.176777,1.41421,225,2053.7160319
stationary,0.00773398,0.176777,1.41421,225,2054.7173833
moving,0.00773398,0.176777,1.41421,225,2055.7211056
blank,0.00386699,0.0883883,2.82843,0,2058.7839125
stationary,0.00386699,0.0883883,2.82843,0,2059.7848148
moving,0.00386699,0.0883883,2.82843,0,2060.7861303
blank,0.00386699,0.0883883,2.82843,180,2063.848691
stationary,0.00386699,0.0883883,2.82843,180,2064.8490543
moving,0.00386699,0.0883883,2.82843,180,2065.8502379
blank,0.00773398,0.176777,1.41421,45,2068.9123413
stationary,0.00773398,0.176777,1.41421,45,2069.9137211
moving,0.00773398,0.176777,1.41421,45,2070.914946
blank,0.0019335,0.0441942,5.65685,0,2073.9968624
stationary,0.0019335,0.0441942,5.65685,0,2075.0043513
moving,0.0019335,0.0441942,5.65685,0,2076.005801
blank,0.0109375,0.25,1,225,2079.0629097
stationary,0.0109375,0.25,1,225,2080.064059
moving,0.0109375,0.25,1,225,2081.0656461
blank,0.00273438,0.0625,4,90,2084.1293628
stationary,0.00273438,0.0625,4,90,2085.1307857
moving,0.00273438,0.0625,4,90,2086.1319248
blank,0.00773398,0.176777,1.41421,315,2089.1979197
stationary,0.00773398,0.176777,1.41421,315,2090.1989814
moving,0.00773398,0.176777,1.41421,315,2091.2000112
blank,0.000683594,0.015625,16,270,2094.2998707
stationary,0.000683594,0.015625,16,270,2095.3008935
moving,0.000683594,0.015625,16,270,2096.3054079
blank,0.0019335,0.0441942,5.65685,90,2099.3827903
stationary,0.0019335,0.0441942,5.65685,90,2100.385074
moving,0.0019335,0.0441942,5.65685,90,2101.3863047
blank,0.00086227,0.019709,12.6845,45,2104.5051287
stationary,0.00086227,0.019709,12.6845,45,2105.5059632
moving,0.00086227,0.019709,12.6845,45,2106.5072656
blank,0.0019335,0.0441942,5.65685,45,2109.5913294
stationary,0.0019335,0.0441942,5.65685,45,2110.5923194
moving,0.0019335,0.0441942,5.65685,45,2111.5955949
blank,0.00086227,0.019709,12.6845,225,2114.6975769
stationary,0.00086227,0.019709,12.6845,225,2115.6983139
moving,0.00086227,0.019709,12.6845,225,2116.6996878
blank,0.0109375,0.25,1,90,2119.7589874
stationary,0.0109375,0.25,1,90,2120.7603836
moving,0.0109375,0.25,1,90,2121.7634444
blank,0.00386699,0.0883883,2.82843,270,2124.8185912
stationary,0.00386699,0.0883883,2.82843,270,2125.8197707
moving,0.00386699,0.0883883,2.82843,270,2126.8214437
blank,0.00546875,0.125,2,270,2129.8740008
stationary,0.00546875,0.125,2,270,2130.8750345
moving,0.00546875,0.125,2,270,2131.8761609
blank,0.00108388,0.0247745,10.091,225,2134.9701126
stationary,0.00108388,0.0247745,10.091,225,2135.9710817
moving,0.00108388,0.0247745,10.091,225,2136.9722682
blank,0.0019335,0.0441942,5.65685,270,2140.0453473
stationary,0.0019335,0.0441942,5.65685,270,2141.0462116
moving,0.0019335,0.0441942,5.65685,270,2142.0491925
blank,0.00086227,0.019709,12.6845,0,2145.1484506
stationary,0.00086227,0.019709,12.6845,0,2146.1493597
moving,0.00086227,0.019709,12.6845,0,2147.1506886
blank,0.000683594,0.015625,16,45,2150.2747362
stationary,0.000683594,0.015625,16,45,2151.2752883
moving,0.000683594,0.015625,16,45,2152.2765719
blank,0.00108388,0.0247745,10.091,0,2155.3703293
stationary,0.00108388,0.0247745,10.091,0,2156.3716939
moving,0.00108388,0.0247745,10.091,0,2157.3730279
blank,0.0019335,0.0441942,5.65685,315,2160.4531666
stationary,0.0019335,0.0441942,5.65685,315,2161.4612624
moving,0.0019335,0.0441942,5.65685,315,2162.4623777
blank,0.00273438,0.0625,4,0,2165.5378204
stationary,0.00273438,0.0625,4,0,2166.5387258
moving,0.00273438,0.0625,4,0,2167.5418807
blank,0.00108388,0.0247745,10.091,180,2170.6384696
stationary,0.00108388,0.0247745,10.091,180,2171.6395877
moving,0.00108388,0.0247745,10.091,180,2172.6407085
blank,0.00108388,0.0247745,10.091,135,2175.737991
stationary,0.00108388,0.0247745,10.091,135,2176.7388017
moving,0.00108388,0.0247745,10.091,135,2177.74015
blank,0.00546875,0.125,2,45,2180.8069133
stationary,0.00546875,0.125,2,45,2181.807986
moving,0.00546875,0.125,2,45,2182.8109893
blank,0.0109375,0.25,1,45,2185.8745322
stationary,0.0109375,0.25,1,45,2186.8754563
moving,0.0109375,0.25,1,45,2187.8792966
blank,0.000683594,0.015625,16,0,2190.9982201
stationary,0.000683594,0.015625,16,0,2192.005609
moving,0.000683594,0.015625,16,0,2193.0100234
blank,0.00108388,0.0247745,10.091,45,2196.1085808
stationary,0.00108388,0.0247745,10.091,45,2197.1096722
moving,0.00108388,0.0247745,10.091,45,2198.1111927
blank,0.0109375,0.25,1,270,2201.1635068
stationary,0.0109375,0.25,1,270,2202.1646456
moving,0.0109375,0.25,1,270,2203.1655772
blank,0.00386699,0.0883883,2.82843,45,2206.2289053
stationary,0.00386699,0.0883883,2.82843,45,2207.2297828
moving,0.00386699,0.0883883,2.82843,45,2208.2323679
blank,0.00773398,0.176777,1.41421,180,2211.2899355
stationary,0.00773398,0.176777,1.41421,180,2212.2907003
moving,0.00773398,0.176777,1.41421,180,2213.2949883
blank,0.00086227,0.019709,12.6845,135,2216.3937978
stationary,0.00086227,0.019709,12.6845,135,2217.394789
moving,0.00086227,0.019709,12.6845,135,2218.3991359
blank,0.0109375,0.25,1,315,2221.4616055
stationary,0.0109375,0.25,1,315,2222.4626676
moving,0.0109375,0.25,1,315,2223.4636789
blank,0.00273438,0.0625,4,180,2226.5242579
stationary,0.00273438,0.0625,4,180,2227.5256331
moving,0.00273438,0.0625,4,180,2228.5290751
blank,0.00546875,0.125,2,0,2231.5923304
stationary,0.00546875,0.125,2,0,2232.593401
moving,0.00546875,0.125,2,0,2233.5944849
blank,0.00136719,0.03125,8,45,2236.6788309
stationary,0.00136719,0.03125,8,45,2237.6796303
moving,0.00136719,0.03125,8,45,2238.6836594
blank,0.0019335,0.0441942,5.65685,225,2241.7566272
stationary,0.0019335,0.0441942,5.65685,225,2242.757548
moving,0.0019335,0.0441942,5.65685,225,2243.7606804
blank,0.00086227,0.019709,12.6845,90,2246.8581329
stationary,0.00086227,0.019709,12.6845,90,2247.8595666
moving,0.00086227,0.019709,12.6845,90,2248.8617617
blank,0.00773398,0.176777,1.41421,135,2251.9196739
stationary,0.00773398,0.176777,1.41421,135,2252.9206061
moving,0.00773398,0.176777,1.41421,135,2253.9217307
blank,0.00773398,0.176777,1.41421,90,2256.977777
stationary,0.00773398,0.176777,1.41421,90,2257.9787673
moving,0.00773398,0.176777,1.41421,90,2258.9800414
blank,0.00136719,0.03125,8,225,2262.0642685
stationary,0.00136719,0.03125,8,225,2263.0653582
moving,0.00136719,0.03125,8,225,2264.0665351
blank,0.0019335,0.0441942,5.65685,180,2267.1395927
stationary,0.0019335,0.0441942,5.65685,180,2268.1407845
moving,0.0019335,0.0441942,5.65685,180,2269.1420167
blank,0.00108388,0.0247745,10.091,315,2272.239972
stationary,0.00108388,0.0247745,10.091,315,2273.240971
moving,0.00108388,0.0247745,10.091,315,2274.2421302
blank,0.00546875,0.125,2,135,2277.3060435
stationary,0.00546875,0.125,2,135,2278.3069945
moving,0.00546875,0.125,2,135,2279.3096134
blank,0.0109375,0.25,1,180,2282.3632124
stationary,0.0109375,0.25,1,180,2283.3642224
moving,0.0109375,0.25,1,180,2284.3653516
blank,0.00136719,0.03125,8,90,2287.443056
stationary,0.00136719,0.03125,8,90,2288.4439541
moving,0.00136719,0.03125,8,90,2289.4452326
blank,0.00773398,0.176777,1.41421,270,2292.4951578
stationary,0.00773398,0.176777,1.41421,270,2293.4961178
moving,0.00773398,0.176777,1.41421,270,2294.5035832
blank,0.000683594,0.015625,16,315,2297.6242458
stationary,0.000683594,0.015625,16,315,2298.6250426
moving,0.000683594,0.015625,16,315,2299.6268048
blank,0.00386699,0.0883883,2.82843,135,2302.7040145
stationary,0.00386699,0.0883883,2.82843,135,2303.7048674
moving,0.00386699,0.0883883,2.82843,135,2304.7060586
blank,0.00136719,0.03125,8,270,2307.7793566
stationary,0.00136719,0.03125,8,270,2308.7803225
moving,0.00136719,0.03125,8,270,2309.7815635
blank,0.00136719,0.03125,8,180,2312.8581683
stationary,0.00136719,0.03125,8,180,2313.8588821
moving,0.00136719,0.03125,8,180,2314.8602398
blank,0.000683594,0.015625,16,180,2317.9745271
stationary,0.000683594,0.015625,16,180,2318.9753289
moving,0.000683594,0.015625,16,180,2319.9765282
blank,0.00273438,0.0625,4,270,2323.0349314
stationary,0.00273438,0.0625,4,270,2324.0363582
moving,0.00273438,0.0625,4,270,2325.0384875
blank,0.0109375,0.25,1,135,2328.0931284
stationary,0.0109375,0.25,1,135,2329.0941056
moving,0.0109375,0.25,1,135,2330.0952112
blank,0.00546875,0.125,2,225,2333.1524895
stationary,0.00546875,0.125,2,225,2334.1534425
moving,0.00546875,0.125,2,225,2335.1565683
blank,0.00273438,0.0625,4,315,2338.2304461
stationary,0.00273438,0.0625,4,315,2339.2313037
moving,0.00273438,0.0625,4,315,2340.2362118
blank,0.00136719,0.03125,8,315,2343.323768
stationary,0.00136719,0.03125,8,315,2344.3247971
moving,0.00136719,0.03125,8,315,2345.32598
blank,0.000683594,0.015625,16,225,2348.4498731
stationary,0.000683594,0.015625,16,225,2349.4573948
moving,0.000683594,0.015625,16,225,2350.4585641
blank,0.00136719,0.03125,8,135,2353.5429996
stationary,0.00136719,0.03125,8,135,2354.5437716
moving,0.00136719,0.03125,8,135,2355.5451051
blank,0.00086227,0.019709,12.6845,315,2358.6485886
stationary,0.00086227,0.019709,12.6845,315,2359.649534
moving,0.00086227,0.019709,12.6845,315,2360.6531195
blank,0.00108388,0.0247745,10.091,90,2363.7514818
stationary,0.00108388,0.0247745,10.091,90,2364.7525592
moving,0.00108388,0.0247745,10.091,90,2365.7536859
blank,0.00386699,0.0883883,2.82843,90,2368.817048
stationary,0.00386699,0.0883883,2.82843,90,2369.8178954
moving,0.00386699,0.0883883,2.82843,90,2370.8211315
blank,0.00546875,0.125,2,180,2373.8798299
stationary,0.00546875,0.125,2,180,2374.8807974
moving,0.00546875,0.125,2,180,2375.8820384
blank,0.00086227,0.019709,12.6845,180,2378.9788081
stationary,0.00086227,0.019709,12.6845,180,2379.9802041
moving,0.00086227,0.019709,12.6845,180,2380.9815023
blank,0.00086227,0.019709,12.6845,270,2384.0768429
stationary,0.00086227,0.019709,12.6845,270,2385.0776938
moving,0.00086227,0.019709,12.6845,270,2386.0789777
blank,0.00386699,0.0883883,2.82843,225,2389.1418461
stationary,0.00386699,0.0883883,2.82843,225,2390.1429048
moving,0.00386699,0.0883883,2.82843,225,2391.1481757
blank,0.000683594,0.015625,16,135,2394.2595501
stationary,0.000683594,0.015625,16,135,2395.2604753
moving,0.000683594,0.015625,16,135,2396.2617227
blank,0.00546875,0.125,2,315,2399.3383794
stationary,0.00546875,0.125,2,315,2400.3393836
moving,0.00546875,0.125,2,315,2401.3403998
blank,0.00273438,0.0625,4,225,2404.4148059
stationary,0.00273438,0.0625,4,225,2405.4157497
moving,0.00273438,0.0625,4,225,2406.417007
blank,0.00136719,0.03125,8,0,2409.501261
stationary,0.00136719,0.03125,8,0,2410.5022994
moving,0.00136719,0.03125,8,0,2411.5034939
blank,0.0109375,0.25,1,0,2414.559305
stationary,0.0109375,0.25,1,0,2415.5603191
moving,0.0109375,0.25,1,0,2416.5621819
blank,0.00546875,0.125,2,90,2419.6178114
stationary,0.00546875,0.125,2,90,2420.6188942
moving,0.00546875,0.125,2,90,2421.6199631
blank,0.00108388,0.0247745,10.091,270,2424.7006739
stationary,0.00108388,0.0247745,10.091,270,2425.7017876
moving,0.00108388,0.0247745,10.091,270,2426.7029861
blank,0.00386699,0.0883883,2.82843,315,2429.7774056
stationary,0.00386699,0.0883883,2.82843,315,2430.7785238
moving,0.00386699,0.0883883,2.82843,315,2431.7833593
blank,0.00273438,0.0625,4,45,2434.8546635
stationary,0.00273438,0.0625,4,45,2435.8556289
moving,0.00273438,0.0625,4,45,2436.8589137
blank,0.0019335,0.0441942,5.65685,135,2439.9342609
stationary,0.0019335,0.0441942,5.65685,135,2440.9354
moving,0.0019335,0.0441942,5.65685,135,2441.9368073
blank,0.00773398,0.176777,1.41421,0,2444.9974131
stationary,0.00773398,0.176777,1.41421,0,2445.9991249
moving,0.00773398,0.176777,1.41421,0,2447.0003599
blank,0.000683594,0.015625,16,90,2450.1099318
stationary,0.000683594,0.015625,16,90,2451.1110036
moving,0.000683594,0.015625,16,90,2452.1122139
blank,0.00273438,0.0625,4,135,2455.1870126
stationary,0.00273438,0.0625,4,135,2456.1881439
moving,0.00273438,0.0625,4,135,2457.189104
blank,0.00773398,0.176777,1.41421,225,2460.2441749
stationary,0.00773398,0.176777,1.41421,225,2461.2451038
moving,0.00773398,0.176777,1.41421,225,2462.2462728
blank,0.00386699,0.0883883,2.82843,0,2465.3127719
stationary,0.00386699,0.0883883,2.82843,0,2466.3200782
moving,0.00386699,0.0883883,2.82843,0,2467.3211922
blank,0.00386699,0.0883883,2.82843,180,2470.3791702
stationary,0.00386699,0.0883883,2.82843,180,2471.380243
moving,0.00386699,0.0883883,2.82843,180,2472.3837334
blank,0.00773398,0.176777,1.41421,45,2475.4432994
stationary,0.00773398,0.176777,1.41421,45,2476.4441083
moving,0.00773398,0.176777,1.41421,45,2477.4452898
blank,0.0019335,0.0441942,5.65685,0,2480.5218642
stationary,0.0019335,0.0441942,5.65685,0,2481.5228509
moving,0.0019335,0.0441942,5.65685,0,2482.5281202
blank,0.0109375,0.25,1,225,2485.5877226
stationary,0.0109375,0.25,1,225,2486.5886517
moving,0.0109375,0.25,1,225,2487.5897821
blank,0.00273438,0.0625,4,90,2490.6501934
stationary,0.00273438,0.0625,4,90,2491.6513313
moving,0.00273438,0.0625,4,90,2492.6523957
blank,0.00773398,0.176777,1.41421,315,2495.7123978
stationary,0.00773398,0.176777,1.41421,315,2496.7135445
moving,0.00773398,0.176777,1.41421,315,2497.7194051
blank,0.000683594,0.015625,16,270,2500.8177398
stationary,0.000683594,0.015625,16,270,2501.820983
moving,0.000683594,0.015625,16,270,2502.8230587
blank,0.0019335,0.0441942,5.65685,90,2505.9004308
stationary,0.0019335,0.0441942,5.65685,90,2506.9083031
moving,0.0019335,0.0441942,5.65685,90,2507.9094408
blank,0.00086227,0.019709,12.6845,45,2511.0256237
stationary,0.00086227,0.019709,12.6845,45,2512.0267629
moving,0.00086227,0.019709,12.6845,45,2513.0311058
blank,0.0019335,0.0441942,5.65685,45,2516.1142866
stationary,0.0019335,0.0441942,5.65685,45,2517.1151848
moving,0.0019335,0.0441942,5.65685,45,2518.1164652
blank,0.00086227,0.019709,12.6845,225,2521.2206754
stationary,0.00086227,0.019709,12.6845,225,2522.2217762
moving,0.00086227,0.019709,12.6845,225,2523.2228592
blank,0.0109375,0.25,1,90,2526.2850976
stationary,0.0109375,0.25,1,90,2527.2860288
moving,0.0109375,0.25,1,90,2528.2869594
blank,0.00386699,0.0883883,2.82843,270,2531.3405018
stationary,0.00386699,0.0883883,2.82843,270,2532.3415327
moving,0.00386699,0.0883883,2.82843,270,2533.34261
blank,0.00546875,0.125,2,270,2536.3951047
stationary,0.00546875,0.125,2,270,2537.3963322
moving,0.00546875,0.125,2,270,2538.3973827
blank,0.00108388,0.0247745,10.091,225,2541.4909682
stationary,0.00108388,0.0247745,10.091,225,2542.4919918
moving,0.00108388,0.0247745,10.091,225,2543.4934036
blank,0.0019335,0.0441942,5.65685,270,2546.5665168
stationary,0.0019335,0.0441942,5.65685,270,2547.5673388
moving,0.0019335,0.0441942,5.65685,270,2548.5705164
blank,0.00086227,0.019709,12.6845,0,2551.6760419
stationary,0.00086227,0.019709,12.6845,0,2552.6770825
moving,0.00086227,0.019709,12.6845,0,2553.6803338
blank,0.000683594,0.015625,16,45,2556.8195495
stationary,0.000683594,0.015625,16,45,2557.8205103
moving,0.000683594,0.015625,16,45,2558.8237914
blank,0.00108388,0.0247745,10.091,0,2561.9212471
stationary,0.00108388,0.0247745,10.091,0,2562.9239866
moving,0.00108388,0.0247745,10.091,0,2563.9274041
blank,0.0019335,0.0441942,5.65685,315,2567.0084015
stationary,0.0019335,0.0441942,5.65685,315,2568.0095278
moving,0.0019335,0.0441942,5.65685,315,2569.0106167
blank,0.00273438,0.0625,4,0,2572.0836587
stationary,0.00273438,0.0625,4,0,2573.0847499
moving,0.00273438,0.0625,4,0,2574.0858807
blank,0.00108388,0.0247745,10.091,180,2577.177209
stationary,0.00108388,0.0247745,10.091,180,2578.1780199
moving,0.00108388,0.0247745,10.091,180,2579.181346
blank,0.00108388,0.0247745,10.091,135,2582.2757074
stationary,0.00108388,0.0247745,10.091,135,2583.2768797
moving,0.00108388,0.0247745,10.091,135,2584.278011
blank,0.00546875,0.125,2,45,2587.3424025
stationary,0.00546875,0.125,2,45,2588.3434726
moving,0.00546875,0.125,2,45,2589.3464874
blank,0.0109375,0.25,1,45,2592.4074811
stationary,0.0109375,0.25,1,45,2593.4083149
moving,0.0109375,0.25,1,45,2594.4119779
blank,0.000683594,0.015625,16,0,2597.524298
stationary,0.000683594,0.015625,16,0,2598.5253629
moving,0.000683594,0.015625,16,0,2599.528405
blank,0.00108388,0.0247745,10.091,45,2602.6228126
stationary,0.00108388,0.0247745,10.091,45,2603.6238162
moving,0.00108388,0.0247745,10.091,45,2604.6250184
blank,0.0109375,0.25,1,270,2607.6773218
stationary,0.0109375,0.25,1,270,2608.6782899
moving,0.0109375,0.25,1,270,2609.6794191
blank,0.00386699,0.0883883,2.82843,45,2612.7429996
stationary,0.00386699,0.0883883,2.82843,45,2613.7437914
moving,0.00386699,0.0883883,2.82843,45,2614.7450025
blank,0.00773398,0.176777,1.41421,180,2617.8023752
stationary,0.00773398,0.176777,1.41421,180,2618.8031645
moving,0.00773398,0.176777,1.41421,180,2619.8044211
blank,0.00086227,0.019709,12.6845,135,2622.9013636
stationary,0.00086227,0.019709,12.6845,135,2623.9045339
moving,0.00086227,0.019709,12.6845,135,2624.9079606
blank,0.0109375,0.25,1,315,2627.9739331
stationary,0.0109375,0.25,1,315,2628.9750086
moving,0.0109375,0.25,1,315,2629.9760462
blank,0.00273438,0.0625,4,180,2633.0388148
stationary,0.00273438,0.0625,4,180,2634.0397299
moving,0.00273438,0.0625,4,180,2635.0410572
blank,0.00546875,0.125,2,0,2638.1006242
stationary,0.00546875,0.125,2,0,2639.101621
moving,0.00546875,0.125,2,0,2640.102895
blank,0.00136719,0.03125,8,45,2643.1892075
stationary,0.00136719,0.03125,8,45,2644.1902716
moving,0.00136719,0.03125,8,45,2645.1914563
blank,0.0019335,0.0441942,5.65685,225,2648.2691819
stationary,0.0019335,0.0441942,5.65685,225,2649.2703
moving,0.0019335,0.0441942,5.65685,225,2650.2715062
blank,0.00086227,0.019709,12.6845,90,2653.3662461
stationary,0.00086227,0.019709,12.6845,90,2654.3672689
moving,0.00086227,0.019709,12.6845,90,2655.3684753
blank,0.00773398,0.176777,1.41421,135,2658.4315219
stationary,0.00773398,0.176777,1.41421,135,2659.4392511
moving,0.00773398,0.176777,1.41421,135,2660.4402359
blank,0.00773398,0.176777,1.41421,90,2663.4953136
stationary,0.00773398,0.176777,1.41421,90,2664.4964423
moving,0.00773398,0.176777,1.41421,90,2665.4986227
blank,0.00136719,0.03125,8,225,2668.5822893
stationary,0.00136719,0.03125,8,225,2669.5832156
moving,0.00136719,0.03125,8,225,2670.5846617
blank,0.0019335,0.0441942,5.65685,180,2673.6576386
stationary,0.0019335,0.0441942,5.65685,180,2674.6587592
moving,0.0019335,0.0441942,5.65685,180,2675.6636868
blank,0.00108388,0.0247745,10.091,315,2678.7614818
stationary,0.00108388,0.0247745,10.091,315,2679.7621724
moving,0.00108388,0.0247745,10.091,315,2680.7634982
blank,0.00546875,0.125,2,135,2683.8250801
stationary,0.00546875,0.125,2,135,2684.8259958
moving,0.00546875,0.125,2,135,2685.8287536
blank,0.0109375,0.25,1,180,2688.8828451
stationary,0.0109375,0.25,1,180,2689.8836698
moving,0.0109375,0.25,1,180,2690.8849824
blank,0.00136719,0.03125,8,90,2693.9623665
stationary,0.00136719,0.03125,8,90,2694.9633626
moving,0.00136719,0.03125,8,90,2695.9646928
blank,0.00773398,0.176777,1.41421,270,2699.021698
stationary,0.00773398,0.176777,1.41421,270,2700.0225918
moving,0.00773398,0.176777,1.41421,270,2701.0238002
blank,0.000683594,0.015625,16,315,2704.1455905
stationary,0.000683594,0.015625,16,315,2705.1482683
moving,0.000683594,0.015625,16,315,2706.1503719
blank,0.00386699,0.0883883,2.82843,135,2709.2241068
stationary,0.00386699,0.0883883,2.82843,135,2710.2251609
moving,0.00386699,0.0883883,2.82843,135,2711.2262204
blank,0.00136719,0.03125,8,270,2714.299458
stationary,0.00136719,0.03125,8,270,2715.3004356
moving,0.00136719,0.03125,8,270,2716.3015834
blank,0.00136719,0.03125,8,180,2719.3881195
stationary,0.00136719,0.03125,8,180,2720.3893431
moving,0.00136719,0.03125,8,180,2721.3925635
blank,0.000683594,0.015625,16,180,2724.5086994
stationary,0.000683594,0.015625,16,180,2725.5096533
moving,0.000683594,0.015625,16,180,2726.5109892
blank,0.00273438,0.0625,4,270,2729.5743331
stationary,0.00273438,0.0625,4,270,2730.5752645
moving,0.00273438,0.0625,4,270,2731.5784135
blank,0.0109375,0.25,1,135,2734.6381032
stationary,0.0109375,0.25,1,135,2735.6391974
moving,0.0109375,0.25,1,135,2736.6402068
blank,0.00546875,0.125,2,225,2739.6976666
stationary,0.00546875,0.125,2,225,2740.698737
moving,0.00546875,0.125,2,225,2741.7016937
blank,0.00273438,0.0625,4,315,2744.7766649
stationary,0.00273438,0.0625,4,315,2745.7775308
moving,0.00273438,0.0625,4,315,2746.779053
blank,0.00136719,0.03125,8,315,2749.8659119
stationary,0.00136719,0.03125,8,315,2750.8668721
moving,0.00136719,0.03125,8,315,2751.8685986
blank,0.000683594,0.015625,16,225,2754.9946872
stationary,0.000683594,0.015625,16,225,2755.9955943
moving,0.000683594,0.015625,16,225,2757.0008207
blank,0.00136719,0.03125,8,135,2760.087551
stationary,0.00136719,0.03125,8,135,2761.0880452
moving,0.00136719,0.03125,8,135,2762.0891677
blank,0.00086227,0.019709,12.6845,315,2765.1933638
stationary,0.00086227,0.019709,12.6845,315,2766.1943395
moving,0.00086227,0.019709,12.6845,315,2767.1984449
blank,0.00108388,0.0247745,10.091,90,2770.2919951
stationary,0.00108388,0.0247745,10.091,90,2771.2929553
moving,0.00108388,0.0247745,10.091,90,2772.2962309
blank,0.00386699,0.0883883,2.82843,90,2775.3624038
stationary,0.00386699,0.0883883,2.82843,90,2776.3632331
moving,0.00386699,0.0883883,2.82843,90,2777.3664227
blank,0.00546875,0.125,2,180,2780.4188871
stationary,0.00546875,0.125,2,180,2781.4199823
moving,0.00546875,0.125,2,180,2782.423167
blank,0.00086227,0.019709,12.6845,180,2785.5388693
stationary,0.00086227,0.019709,12.6845,180,2786.5399166
moving,0.00086227,0.019709,12.6845,180,2787.545133
blank,0.00086227,0.019709,12.6845,270,2790.6431916
stationary,0.00086227,0.019709,12.6845,270,2791.6441022
moving,0.00086227,0.019709,12.6845,270,2792.645865
blank,0.00386699,0.0883883,2.82843,225,2795.7117351
stationary,0.00386699,0.0883883,2.82843,225,2796.7128511
moving,0.00386699,0.0883883,2.82843,225,2797.7139399
blank,0.000683594,0.015625,16,135,2800.8312604
stationary,0.000683594,0.015625,16,135,2801.8324035
moving,0.000683594,0.015625,16,135,2802.8337063
blank,0.00546875,0.125,2,315,2805.9046923
stationary,0.00546875,0.125,2,315,2806.9056346
moving,0.00546875,0.125,2,315,2807.9068053
blank,0.00273438,0.0625,4,225,2810.9843015
stationary,0.00273438,0.0625,4,225,2811.9852458
moving,0.00273438,0.0625,4,225,2812.9864722
blank,0.00136719,0.03125,8,0,2816.0927277
stationary,0.00136719,0.03125,8,0,2817.0938242
moving,0.00136719,0.03125,8,0,2818.0977266
blank,0.0109375,0.25,1,0,2821.15459
stationary,0.0109375,0.25,1,0,2822.1558455
moving,0.0109375,0.25,1,0,2823.1613245
blank,0.00546875,0.125,2,90,2826.2224807
stationary,0.00546875,0.125,2,90,2827.2235616
moving,0.00546875,0.125,2,90,2828.2248364
blank,0.00108388,0.0247745,10.091,270,2831.3265632
stationary,0.00108388,0.0247745,10.091,270,2832.3276153
moving,0.00108388,0.0247745,10.091,270,2833.3288238
blank,0.00386699,0.0883883,2.82843,315,2836.4017933
stationary,0.00386699,0.0883883,2.82843,315,2837.402809
moving,0.00386699,0.0883883,2.82843,315,2838.4042719
blank,0.00273438,0.0625,4,45,2841.4797505
stationary,0.00273438,0.0625,4,45,2842.4808316
moving,0.00273438,0.0625,4,45,2843.4840605
blank,0.0019335,0.0441942,5.65685,135,2846.5565535
stationary,0.0019335,0.0441942,5.65685,135,2847.5575412
moving,0.0019335,0.0441942,5.65685,135,2848.5586419
blank,0.00773398,0.176777,1.41421,0,2851.6188871
stationary,0.00773398,0.176777,1.41421,0,2852.6199419
moving,0.00773398,0.176777,1.41421,0,2853.6230865
blank,0.000683594,0.015625,16,90,2856.7477576
stationary,0.000683594,0.015625,16,90,2857.7548534
moving,0.000683594,0.015625,16,90,2858.7559749
blank,0.00273438,0.0625,4,135,2861.8286536
stationary,0.00273438,0.0625,4,135,2862.82983
moving,0.00273438,0.0625,4,135,2863.8310463
blank,0.00773398,0.176777,1.41421,225,2866.8918922
stationary,0.00773398,0.176777,1.41421,225,2867.8929783
moving,0.00773398,0.176777,1.41421,225,2868.8940678
blank,0.00386699,0.0883883,2.82843,0,2871.9572837
stationary,0.00386699,0.0883883,2.82843,0,2872.9584283
moving,0.00386699,0.0883883,2.82843,0,2873.9596112
blank,0.00386699,0.0883883,2.82843,180,2877.0219264
stationary,0.00386699,0.0883883,2.82843,180,2878.022846
moving,0.00386699,0.0883883,2.82843,180,2879.0241597
blank,0.00773398,0.176777,1.41421,45,2882.0838693
stationary,0.00773398,0.176777,1.41421,45,2883.085029
